1,1742367853,2025-03-19 14:49:11,-0.27726433,539.5,1742366951,0700.HK,M5
2,1742367853,2025-03-19 14:49:09,-1.185493,141.7,1742366949,9988.HK,M5
3,1742367853,2025-03-19 14:49:11,-0.5882353,84.5,1742366951,0941.HK,M5
4,1742367853,2025-03-19 14:49:12,0.28735605,6.98,1742366952,0939.HK,M5
5,1742367853,2025-03-19 14:48:53,0.9545182,89.9,1742366933,0005.HK,M5
6,1742367853,2025-03-19 14:49:12,0.43365133,57.9,1742366952,1810.HK,M5
7,1742367853,2025-03-19 14:49:09,-1.240833,175.1,1742366949,3690.HK,M5
8,1742367853,2025-03-19 14:49:12,0.87336165,18.48,1742366952,0883.HK,M5
9,1742367853,2025-03-19 14:49:06,1.2009608,63.2,1742366946,1299.HK,M5
10,1742367853,2025-03-19 14:49:08,-0.449684,177.1,1742366948,9618.HK,M5
11,1742367853,2025-03-19 04:00:01,-0.6121484,212.69,1742328001,AAPL,M5
12,1742367853,2025-03-19 04:00:01,-1.3326532,383.52,1742328001,MSFT,M5
13,1742367853,2025-03-19 04:00:00,-3.4301002,115.43,1742328000,NVDA,M5
14,1742367853,2025-03-19 04:00:01,-1.4917737,192.82,1742328001,AMZN,M5
15,1742367853,2025-03-19 04:00:02,-2.13812,85.59,1742328002,WMT,M5
16,1742367853,2025-03-19 04:00:02,0.444581,234.97,1742328002,JPM,M5
17,1742367853,2025-03-19 04:00:02,0.0657603,334.77,1742328002,V,M5
18,1742367853,2025-03-19 04:00:02,0.957877,503.8,1742328002,UNH,M5
19,1742367853,2025-03-19 04:00:02,0.865883,164.25,1742328002,JNJ,M5
20,1742367853,2025-03-19 04:00:02,-1.20758,167.71,1742328002,PG,M5
21,1742367853,2025-03-19 15:03:00,0.81777674,83186.2,1742367780,BTC-USD,M5
22,1742367853,2025-03-19 15:03:00,1.93723,1937.7509,1742367780,ETH-USD,M5
23,1742367910,2025-03-19 14:50:09,-0.18484288,540,1742367009,0700.HK,M5
24,1742367910,2025-03-19 14:50:08,-1.2552217,141.6,1742367008,9988.HK,M5
25,1742367910,2025-03-19 14:50:09,-0.5882353,84.5,1742367009,0941.HK,M5
26,1742367910,2025-03-19 14:50:08,0.28735605,6.98,1742367008,0939.HK,M5
27,1742367910,2025-03-19 14:50:02,0.9545182,89.9,1742367002,0005.HK,M5
28,1742367910,2025-03-19 14:50:07,0.43365133,57.9,1742367007,1810.HK,M5
29,1742367910,2025-03-19 14:50:08,-1.1844366,175.2,1742367008,3690.HK,M5
30,1742367910,2025-03-19 14:50:07,0.7641888,18.46,1742367007,0883.HK,M5
31,1742367910,2025-03-19 14:50:09,1.1208979,63.15,1742367009,1299.HK,M5
32,1742367910,2025-03-19 14:50:06,-0.449684,177.1,1742367006,9618.HK,M5
33,1742367910,2025-03-19 15:04:00,1.9156151,1937.6503,1742367840,ETH-USD,M5
34,1742368215,2025-03-19 14:55:13,-0.18484288,540,1742367313,0700.HK,M5
35,1742368215,2025-03-19 14:55:12,-1.185493,141.7,1742367312,9988.HK,M5
36,1742368215,2025-03-19 14:55:11,-0.5882353,84.5,1742367311,0941.HK,M5
37,1742368215,2025-03-19 14:55:12,0.43103063,6.99,1742367312,0939.HK,M5
38,1742368215,2025-03-19 14:55:09,1.0106612,89.95,1742367309,0005.HK,M5
39,1742368215,2025-03-19 14:55:14,0.43365133,57.9,1742367314,1810.HK,M5
40,1742368215,2025-03-19 14:55:14,-1.297238,175,1742367314,3690.HK,M5
41,1742368215,2025-03-19 14:55:08,0.87336165,18.48,1742367308,0883.HK,M5
42,1742368215,2025-03-19 14:55:13,1.2009608,63.2,1742367313,1299.HK,M5
43,1742368215,2025-03-19 14:55:13,-0.449684,177.1,1742367313,9618.HK,M5
44,1742368215,2025-03-19 15:09:00,0.0788873,83179.96,1742368140,BTC-USD,M5
45,1742368215,2025-03-19 15:09:00,1.5759304,1937.5054,1742368140,ETH-USD,M5
46,1742368510,2025-03-19 15:00:07,-0.09242144,540.5,1742367607,0700.HK,M5
47,1742368510,2025-03-19 15:00:08,-1.2552217,141.6,1742367608,9988.HK,M5
48,1742368510,2025-03-19 15:00:02,-0.6470624,84.45,1742367602,0941.HK,M5
49,1742368510,2025-03-19 14:59:51,0.43103063,6.99,1742367591,0939.HK,M5
50,1742368510,2025-03-19 14:59:57,1.0106612,89.95,1742367597,0005.HK,M5
51,1742368510,2025-03-19 15:00:07,0.52038026,57.95,1742367607,1810.HK,M5
52,1742368510,2025-03-19 15:00:09,-1.297238,175,1742367609,3690.HK,M5
53,1742368510,2025-03-19 15:00:06,0.7641888,18.46,1742367606,0883.HK,M5
54,1742368510,2025-03-19 15:00:06,1.2009608,63.2,1742367606,1299.HK,M5
55,1742368510,2025-03-19 14:59:53,-0.67453456,176.7,1742367593,9618.HK,M5
56,1742368510,2025-03-19 15:13:00,0.21419252,83175.63,1742368380,BTC-USD,M5
57,1742368510,2025-03-19 15:14:00,1.6260129,1935.8885,1742368440,ETH-USD,M5
58,1742368810,2025-03-19 15:04:59,-0.27726433,539.5,1742367899,0700.HK,M5
59,1742368810,2025-03-19 15:05:05,-1.324961,141.5,1742367905,9988.HK,M5
60,1742368810,2025-03-19 15:05:08,-0.5882353,84.5,1742367908,0941.HK,M5
61,1742368810,2025-03-19 15:05:04,0.28735605,6.98,1742367904,0939.HK,M5
62,1742368810,2025-03-19 15:05:06,0.8983665,89.85,1742367906,0005.HK,M5
63,1742368810,2025-03-19 15:05:07,0.34691578,57.85,1742367907,1810.HK,M5
64,1742368810,2025-03-19 15:05:09,-1.5228409,174.6,1742367909,3690.HK,M5
65,1742368810,2025-03-19 15:04:59,0.87336165,18.48,1742367899,0883.HK,M5
66,1742368810,2025-03-19 15:04:53,1.040829,63.1,1742367893,1299.HK,M5
67,1742368810,2025-03-19 15:05:04,-0.78695554,176.5,1742367904,9618.HK,M5
68,1742368810,2025-03-19 15:16:00,0.20484965,83150.195,1742368560,BTC-USD,M5
69,1742368810,2025-03-19 15:17:00,1.7668145,1935.8505,1742368620,ETH-USD,M5
70,1742369110,2025-03-19 15:10:08,-0.18484288,540,1742368208,0700.HK,M5
71,1742369110,2025-03-19 15:10:07,-1.185493,141.7,1742368207,9988.HK,M5
72,1742369110,2025-03-19 15:10:06,-0.41176292,84.65,1742368206,0941.HK,M5
73,1742369110,2025-03-19 15:10:05,0.28735605,6.98,1742368205,0939.HK,M5
74,1742369110,2025-03-19 15:10:08,0.9545182,89.9,1742368208,0005.HK,M5
75,1742369110,2025-03-19 15:10:08,0.60710925,58,1742368208,1810.HK,M5
76,1742369110,2025-03-19 15:10:09,-1.4664445,174.7,1742368209,3690.HK,M5
77,1742369110,2025-03-19 15:10:06,0.7641888,18.46,1742368206,0883.HK,M5
78,1742369110,2025-03-19 15:10:07,1.1208979,63.15,1742368207,1299.HK,M5
79,1742369110,2025-03-19 15:10:07,-0.7307408,176.6,1742368207,9618.HK,M5
80,1742369110,2025-03-19 15:23:00,0.17290995,83235.9,1742368980,BTC-USD,M5
81,1742369110,2025-03-19 15:24:00,1.7307414,1938.2213,1742369040,ETH-USD,M5
82,1742369410,2025-03-19 15:15:04,-0.18484288,540,1742368504,0700.HK,M5
83,1742369410,2025-03-19 15:15:05,-1.2552217,141.6,1742368505,9988.HK,M5
84,1742369410,2025-03-19 15:15:07,-0.23529053,84.8,1742368507,0941.HK,M5
85,1742369410,2025-03-19 15:15:02,0.28735605,6.98,1742368502,0939.HK,M5
86,1742369410,2025-03-19 15:15:07,1.0106612,89.95,1742368507,0005.HK,M5
87,1742369410,2025-03-19 15:15:06,0.7805671,58.1,1742368506,1810.HK,M5
88,1742369410,2025-03-19 15:15:06,-1.4100394,174.8,1742368506,3690.HK,M5
89,1742369410,2025-03-19 15:14:59,0.87336165,18.48,1742368499,0883.HK,M5
90,1742369410,2025-03-19 15:15:08,1.2810236,63.25,1742368508,1299.HK,M5
91,1742369410,2025-03-19 15:15:07,-0.67453456,176.7,1742368507,9618.HK,M5
92,1742369410,2025-03-19 15:28:00,0.2017661,83271.59,1742369280,BTC-USD,M5
93,1742369410,2025-03-19 15:29:00,1.6117413,1938.537,1742369340,ETH-USD,M5
94,1742369715,2025-03-19 15:20:14,-0.27726433,539.5,1742368814,0700.HK,M5
95,1742369715,2025-03-19 15:20:14,-1.324961,141.5,1742368814,9988.HK,M5
96,1742369715,2025-03-19 15:19:59,-0.29411766,84.75,1742368799,0941.HK,M5
97,1742369715,2025-03-19 15:20:10,0.43103063,6.99,1742368810,0939.HK,M5
98,1742369715,2025-03-19 15:20:11,1.0106612,89.95,1742368811,0005.HK,M5
99,1742369715,2025-03-19 15:20:13,0.6938382,58.05,1742368813,1810.HK,M5
100,1742369715,2025-03-19 15:20:13,-1.3536431,174.9,1742368813,3690.HK,M5
101,1742369715,2025-03-19 15:20:12,0.87336165,18.48,1742368812,0883.HK,M5
102,1742369715,2025-03-19 15:20:13,1.2810236,63.25,1742368813,1299.HK,M5
103,1742369715,2025-03-19 15:20:13,-0.61831975,176.8,1742368813,9618.HK,M5
104,1742369715,2025-03-19 15:33:00,0.26744685,83328.1,1742369580,BTC-USD,M5
105,1742369715,2025-03-19 15:33:00,1.6230067,1938.4016,1742369580,ETH-USD,M5
106,1742370010,2025-03-19 15:25:08,-0.18484288,540,1742369108,0700.HK,M5
107,1742370010,2025-03-19 15:25:05,-1.2552217,141.6,1742369105,9988.HK,M5
108,1742370010,2025-03-19 15:25:05,-0.5882353,84.5,1742369105,0941.HK,M5
109,1742370010,2025-03-19 15:25:04,0.43103063,6.99,1742369104,0939.HK,M5
110,1742370010,2025-03-19 15:25:01,1.0106612,89.95,1742369101,0005.HK,M5
111,1742370010,2025-03-19 15:25:08,0.52038026,57.95,1742369108,1810.HK,M5
112,1742370010,2025-03-19 15:25:09,-1.3536431,174.9,1742369109,3690.HK,M5
113,1742370010,2025-03-19 15:25:07,0.7641888,18.46,1742369107,0883.HK,M5
114,1742370010,2025-03-19 15:25:04,1.2810236,63.25,1742369104,1299.HK,M5
115,1742370010,2025-03-19 15:25:08,-0.61831975,176.8,1742369108,9618.HK,M5
116,1742370010,2025-03-19 15:39:00,0.1978448,83180.32,1742369940,BTC-USD,M5
117,1742370010,2025-03-19 15:39:00,1.7133124,1934.8054,1742369940,ETH-USD,M5
118,1742370315,2025-03-19 15:30:12,0,541,1742369412,0700.HK,M5
119,1742370315,2025-03-19 15:30:14,-1.185493,141.7,1742369414,9988.HK,M5
120,1742370315,2025-03-19 15:29:41,-0.5882353,84.5,1742369381,0941.HK,M5
121,1742370315,2025-03-19 15:30:10,0.43103063,6.99,1742369410,0939.HK,M5
122,1742370315,2025-03-19 15:30:13,0.9545182,89.9,1742369413,0005.HK,M5
123,1742370315,2025-03-19 15:30:12,0.43365133,57.9,1742369412,1810.HK,M5
124,1742370315,2025-03-19 15:30:12,-1.3536431,174.9,1742369412,3690.HK,M5
125,1742370315,2025-03-19 15:30:14,0.7641888,18.46,1742369414,0883.HK,M5
126,1742370315,2025-03-19 15:30:04,1.4411492,63.35,1742369404,1299.HK,M5
127,1742370315,2025-03-19 15:30:12,-0.5621136,176.9,1742369412,9618.HK,M5
128,1742370315,2025-03-19 15:43:00,0.18571435,83166.08,1742370180,BTC-USD,M5
129,1742370315,2025-03-19 15:43:00,1.5231627,1932.9578,1742370180,ETH-USD,M5
130,1742370610,2025-03-19 15:35:08,-0.09242144,540.5,1742369708,0700.HK,M5
131,1742370610,2025-03-19 15:35:08,-1.3947002,141.4,1742369708,9988.HK,M5
132,1742370610,2025-03-19 15:34:58,-0.52940816,84.55,1742369698,0941.HK,M5
133,1742370610,2025-03-19 15:35:08,0.43103063,6.99,1742369708,0939.HK,M5
134,1742370610,2025-03-19 15:35:06,0.8983665,89.85,1742369706,0005.HK,M5
135,1742370610,2025-03-19 15:35:08,0.43365133,57.9,1742369708,1810.HK,M5
136,1742370610,2025-03-19 15:35:06,-1.297238,175,1742369706,3690.HK,M5
137,1742370610,2025-03-19 15:35:08,0.87336165,18.48,1742369708,0883.HK,M5
138,1742370610,2025-03-19 15:35:05,1.5212182,63.4,1742369705,1299.HK,M5
139,1742370610,2025-03-19 15:35:06,-0.7307408,176.6,1742369706,9618.HK,M5
140,1742370610,2025-03-19 15:48:00,-0.00081179,83173.98,1742370480,BTC-USD,M5
141,1742370610,2025-03-19 15:48:00,1.3628324,1932.3844,1742370480,ETH-USD,M5
142,1742370910,2025-03-19 15:40:09,0,541,1742370009,0700.HK,M5
143,1742370910,2025-03-19 15:40:09,-1.6038967,141.1,1742370009,9988.HK,M5
144,1742370910,2025-03-19 15:40:06,-0.52940816,84.55,1742370006,0941.HK,M5
145,1742370910,2025-03-19 15:40:06,0.43103063,6.99,1742370006,0939.HK,M5
146,1742370910,2025-03-19 15:40:09,0.8983665,89.85,1742370009,0005.HK,M5
147,1742370910,2025-03-19 15:40:08,0.34691578,57.85,1742370008,1810.HK,M5
148,1742370910,2025-03-19 15:40:09,-1.3536431,174.9,1742370009,3690.HK,M5
149,1742370910,2025-03-19 15:40:08,0.87336165,18.48,1742370008,0883.HK,M5
150,1742370910,2025-03-19 15:39:58,1.3610864,63.3,1742369998,1299.HK,M5
151,1742370910,2025-03-19 15:40:06,-0.84317034,176.4,1742370006,9618.HK,M5
152,1742370910,2025-03-19 15:53:00,0.11874658,83217.35,1742370780,BTC-USD,M5
153,1742370910,2025-03-19 15:54:00,1.5902157,1934.3777,1742370840,ETH-USD,M5
154,1742371220,2025-03-19 15:45:17,-0.27726433,539.5,1742370317,0700.HK,M5
155,1742371220,2025-03-19 15:45:19,-1.6038967,141.1,1742370319,9988.HK,M5
156,1742371220,2025-03-19 15:45:14,-0.47059003,84.6,1742370314,0941.HK,M5
157,1742371220,2025-03-19 15:45:18,0.28735605,6.98,1742370318,0939.HK,M5
158,1742371220,2025-03-19 15:45:17,0.8983665,89.85,1742370317,0005.HK,M5
159,1742371220,2025-03-19 15:45:19,0.43365133,57.9,1742370319,1810.HK,M5
160,1742371220,2025-03-19 15:45:19,-1.297238,175,1742370319,3690.HK,M5
161,1742371220,2025-03-19 15:45:15,0.87336165,18.48,1742370315,0883.HK,M5
162,1742371220,2025-03-19 15:45:13,1.2810236,63.25,1742370313,1299.HK,M5
163,1742371220,2025-03-19 15:45:12,-0.8993766,176.3,1742370312,9618.HK,M5
164,1742371220,2025-03-19 15:57:00,0.13833393,83206.82,1742371020,BTC-USD,M5
165,1742371220,2025-03-19 15:57:00,1.5762141,1933.3646,1742371020,ETH-USD,M5
166,1742371510,2025-03-19 15:50:08,0,541,1742370608,0700.HK,M5
167,1742371510,2025-03-19 15:50:07,-1.6038967,141.1,1742370607,9988.HK,M5
168,1742371510,2025-03-19 15:50:05,-0.6470624,84.45,1742370605,0941.HK,M5
169,1742371510,2025-03-19 15:50:07,0.28735605,6.98,1742370607,0939.HK,M5
170,1742371510,2025-03-19 15:50:00,0.8983665,89.85,1742370600,0005.HK,M5
171,1742371510,2025-03-19 15:50:08,0.60710925,58,1742370608,1810.HK,M5
172,1742371510,2025-03-19 15:50:08,-0.9588251,175.6,1742370608,3690.HK,M5
173,1742371510,2025-03-19 15:50:01,0.65502644,18.44,1742370601,0883.HK,M5
174,1742371510,2025-03-19 15:50:05,1.2810236,63.25,1742370605,1299.HK,M5
175,1742371510,2025-03-19 15:50:08,-0.7307408,176.6,1742370608,9618.HK,M5
176,1742371510,2025-03-19 16:03:00,0.00440631,83211.72,1742371380,BTC-USD,M5
177,1742371510,2025-03-19 16:04:00,1.4783455,1934.1606,1742371440,ETH-USD,M5
178,1742371810,2025-03-19 15:55:08,0.18484288,542,1742370908,0700.HK,M5
179,1742371810,2025-03-19 15:55:08,-1.4644289,141.3,1742370908,9988.HK,M5
180,1742371810,2025-03-19 15:55:07,-0.52940816,84.55,1742370907,0941.HK,M5
181,1742371810,2025-03-19 15:55:09,0.1436746,6.97,1742370909,0939.HK,M5
182,1742371810,2025-03-19 15:55:08,0.78607184,89.75,1742370908,0005.HK,M5
183,1742371810,2025-03-19 15:55:09,0.8673026,58.15,1742370909,1810.HK,M5
184,1742371810,2025-03-19 15:55:05,-1.0152302,175.5,1742370905,3690.HK,M5
185,1742371810,2025-03-19 15:55:06,0.87336165,18.48,1742370906,0883.HK,M5
186,1742371810,2025-03-19 15:55:08,1.3610864,63.3,1742370908,1299.HK,M5
187,1742371810,2025-03-19 15:55:03,-0.5621136,176.9,1742370903,9618.HK,M5
188,1742371810,2025-03-19 16:08:00,0.11556892,83309.766,1742371680,BTC-USD,M5
189,1742371810,2025-03-19 16:09:00,1.5331701,1934.9784,1742371740,ETH-USD,M5
190,1742372115,2025-03-19 15:59:58,0.09242144,541.5,1742371198,0700.HK,M5
191,1742372115,2025-03-19 15:59:59,-1.6038967,141.1,1742371199,9988.HK,M5
192,1742372115,2025-03-19 15:59:59,-0.5882353,84.5,1742371199,0941.HK,M5
193,1742372115,2025-03-19 15:59:58,0.1436746,6.97,1742371198,0939.HK,M5
194,1742372115,2025-03-19 15:59:58,0.78607184,89.75,1742371198,0005.HK,M5
195,1742372115,2025-03-19 15:59:59,0.6071092,58,1742371199,1810.HK,M5
196,1742372115,2025-03-19 15:59:57,-0.9024287,175.7,1742371197,3690.HK,M5
197,1742372115,2025-03-19 15:59:50,0.87336165,18.48,1742371190,0883.HK,M5
198,1742372115,2025-03-19 15:59:54,1.5212182,63.4,1742371194,1299.HK,M5
199,1742372115,2025-03-19 15:59:56,-0.8431704,176.4,1742371196,9618.HK,M5
200,1742372115,2025-03-19 16:13:00,0.27056164,83341.664,1742371980,BTC-USD,M5
201,1742372115,2025-03-19 16:14:00,1.6975527,1935.486,1742372040,ETH-USD,M5
202,1742372410,2025-03-19 16:18:00,0.3457945,83367.07,1742372280,BTC-USD,M5
203,1742372410,2025-03-19 16:19:00,1.7926044,1936.3584,1742372340,ETH-USD,M5
204,1742372710,2025-03-19 16:09:08,-0.18484288,540,1742371748,0700.HK,M5
205,1742372710,2025-03-19 16:09:08,-1.6038967,141.1,1742371748,9988.HK,M5
206,1742372710,2025-03-19 16:09:08,-0.35294476,84.7,1742371748,0941.HK,M5
207,1742372710,2025-03-19 16:09:08,0.28735605,6.98,1742371748,0939.HK,M5
208,1742372710,2025-03-19 16:09:08,0.78607184,89.75,1742371748,0005.HK,M5
209,1742372710,2025-03-19 16:09:08,0.9540316,58.2,1742371748,1810.HK,M5
210,1742372710,2025-03-19 16:09:08,-0.78962725,175.9,1742371748,3690.HK,M5
211,1742372710,2025-03-19 16:09:08,0.43668082,18.4,1742371748,0883.HK,M5
212,1742372710,2025-03-19 16:09:08,1.5212182,63.4,1742371748,1299.HK,M5
213,1742372710,2025-03-19 16:09:08,-0.9555913,176.2,1742371748,9618.HK,M5
214,1742372710,2025-03-19 16:24:00,0.2716233,83361.164,1742372640,BTC-USD,M5
215,1742372710,2025-03-19 16:24:00,1.7204357,1936.8068,1742372640,ETH-USD,M5
216,1742373010,2025-03-19 16:28:00,0.16271456,83365.695,1742372880,BTC-USD,M5
217,1742373010,2025-03-19 16:28:00,1.6467313,1937.8439,1742372880,ETH-USD,M5
218,1742373310,2025-03-19 16:33:00,0.11715062,83373.89,1742373180,BTC-USD,M5
219,1742373310,2025-03-19 16:33:00,1.5777954,1938.7319,1742373180,ETH-USD,M5
220,1742373610,2025-03-19 16:39:00,0.12617911,83453.5,1742373540,BTC-USD,M5
221,1742373610,2025-03-19 16:39:00,1.6689576,1941.0602,1742373540,ETH-USD,M5
222,1742373910,2025-03-19 16:44:00,0.15681218,83381.37,1742373840,BTC-USD,M5
223,1742373910,2025-03-19 16:44:00,1.7239712,1939.6078,1742373840,ETH-USD,M5
224,1742374210,2025-03-19 16:48:00,0.1468394,83424.3,1742374080,BTC-USD,M5
225,1742374210,2025-03-19 16:49:00,1.7572513,1941.8262,1742374140,ETH-USD,M5
226,1742374510,2025-03-19 16:54:00,0.19358379,83438.33,1742374440,BTC-USD,M5
227,1742374510,2025-03-19 16:54:00,1.8217862,1942.5475,1742374440,ETH-USD,M5
228,1742374810,2025-03-19 16:58:00,0.21616198,83422.68,1742374680,BTC-USD,M5
229,1742374810,2025-03-19 16:58:00,1.7212695,1941.1294,1742374680,ETH-USD,M5
230,1742375115,2025-03-19 17:03:00,0.15510967,83365.01,1742374980,BTC-USD,M5
231,1742375115,2025-03-19 17:04:00,1.6597953,1939.5498,1742375040,ETH-USD,M5
232,1742375410,2025-03-19 17:09:00,0.16850664,83488.445,1742375340,BTC-USD,M5
233,1742375410,2025-03-19 17:08:00,1.7510924,1942.6394,1742375280,ETH-USD,M5
234,1742375710,2025-03-19 17:12:00,0.19246267,83467.39,1742375520,BTC-USD,M5
235,1742375710,2025-03-19 17:13:00,1.6495159,1941.0859,1742375580,ETH-USD,M5
236,1742376010,2025-03-19 17:18:00,0.38648424,83499.695,1742375880,BTC-USD,M5
237,1742376010,2025-03-19 17:18:00,1.841901,1941.0404,1742375880,ETH-USD,M5
238,1742376310,2025-03-19 17:22:00,0.5189168,83525.086,1742376120,BTC-USD,M5
239,1742376310,2025-03-19 17:22:00,1.8702372,1940.0043,1742376120,ETH-USD,M5
240,1742376610,2025-03-19 17:28:00,0.5136007,83554.52,1742376480,BTC-USD,M5
241,1742376610,2025-03-19 17:29:00,1.9249197,1941.5206,1742376540,ETH-USD,M5
242,1742376915,2025-03-19 17:33:00,0.53363895,83572.95,1742376780,BTC-USD,M5
243,1742376915,2025-03-19 17:33:00,1.9995928,1945.4615,1742376780,ETH-USD,M5
244,1742377210,2025-03-19 17:39:00,0.42529038,83544.66,1742377140,BTC-USD,M5
245,1742377210,2025-03-19 17:39:00,1.7577056,1943.6273,1742377140,ETH-USD,M5
246,1742377510,2025-03-19 17:43:00,0.42275992,83481.46,1742377380,BTC-USD,M5
247,1742377510,2025-03-19 17:44:00,1.6981609,1941.3959,1742377440,ETH-USD,M5
248,1742377815,2025-03-19 17:48:00,0.350356,83400.9,1742377680,BTC-USD,M5
249,1742377815,2025-03-19 17:49:00,1.643528,1940.2937,1742377740,ETH-USD,M5
250,1742378110,2025-03-19 17:53:00,0.6064436,83495.54,1742377980,BTC-USD,M5
251,1742378110,2025-03-19 17:53:00,1.9623713,1942.9515,1742377980,ETH-USD,M5
252,1742378410,2025-03-19 17:58:00,0.7852125,83528.375,1742378280,BTC-USD,M5
253,1742378410,2025-03-19 17:58:00,2.1259258,1943.0743,1742378280,ETH-USD,M5
254,1742378710,2025-03-19 18:03:00,0.9249893,83619.58,1742378580,BTC-USD,M5
255,1742378710,2025-03-19 18:03:00,2.3379023,1945.8997,1742378580,ETH-USD,M5
256,1742379015,2025-03-19 18:09:00,0.94810855,83587.62,1742378940,BTC-USD,M5
257,1742379015,2025-03-19 18:09:00,2.426406,1945.5176,1742378940,ETH-USD,M5
258,1742439315,2025-03-20 10:40:10,-2.5,526.5,1742438410,0700.HK,M5
259,1742439315,2025-03-20 10:40:07,-1.913545,138.4,1742438407,9988.HK,M5
260,1742439315,2025-03-20 10:40:04,-0.47224784,84.3,1742438404,0941.HK,M5
261,1742439315,2025-03-20 10:40:10,-0.14326975,6.97,1742438410,0939.HK,M5
262,1742439315,2025-03-20 10:40:09,0.16713262,89.9,1742438409,0005.HK,M5
263,1742439315,2025-03-20 10:40:10,-0.42955327,57.95,1742438410,1810.HK,M5
264,1742439315,2025-03-20 10:40:06,-2.615117,171.3,1742438406,3690.HK,M5
265,1742439315,2025-03-20 10:40:07,1.0869607,18.6,1742438407,0883.HK,M5
266,1742439315,2025-03-20 10:40:09,-1.4195608,62.5,1742438409,1299.HK,M5
267,1742439315,2025-03-20 10:40:05,-2.7809274,171.3,1742438405,9618.HK,M5
268,1742439315,2025-03-20 04:00:01,1.1989294,215.24,1742414401,AAPL,M5
269,1742439315,2025-03-20 04:00:02,1.1211979,387.82,1742414402,MSFT,M5
270,1742439315,2025-03-20 04:00:02,1.8106179,117.52,1742414402,NVDA,M5
271,1742439315,2025-03-20 04:00:02,1.4106348,195.54,1742414402,AMZN,M5
272,1742439315,2025-03-20 04:00:01,0.864593,86.33,1742414401,WMT,M5
273,1742439315,2025-03-20 04:01:06,1.76193,239.11,1742414466,JPM,M5
274,1742439315,2025-03-20 04:00:02,1.52344,339.87,1742414402,V,M5
275,1742439315,2025-03-20 04:00:02,-0.11909,503.2,1742414402,UNH,M5
276,1742439315,2025-03-20 04:00:02,-0.76712,162.99,1742414402,JNJ,M5
277,1742439315,2025-03-20 04:00:29,0.51279,168.57,1742414429,PG,M5
278,1742439315,2025-03-20 10:54:00,3.9208403,86062.1,1742439240,BTC-USD,M5
279,1742439315,2025-03-20 10:54:00,5.326196,2032.8944,1742439240,ETH-USD,M5
280,1742439615,2025-03-20 10:45:10,-2.1296296,528.5,1742438710,0700.HK,M5
281,1742439615,2025-03-20 10:45:09,-1.842669,138.5,1742438709,9988.HK,M5
282,1742439615,2025-03-20 10:45:09,-0.5312833,84.25,1742438709,0941.HK,M5
283,1742439615,2025-03-20 10:45:10,-0.42980242,6.95,1742438710,0939.HK,M5
284,1742439615,2025-03-20 10:44:57,0.22283782,89.95,1742438697,0005.HK,M5
285,1742439615,2025-03-20 10:45:11,-0.085909344,58.15,1742438711,1810.HK,M5
286,1742439615,2025-03-20 10:45:09,-2.671971,171.2,1742438709,3690.HK,M5
287,1742439615,2025-03-20 10:44:44,1.0869607,18.6,1742438684,0883.HK,M5
288,1742439615,2025-03-20 10:45:10,-1.1829653,62.65,1742438710,1299.HK,M5
289,1742439615,2025-03-20 10:44:55,-2.8376844,171.2,1742438695,9618.HK,M5
290,1742439615,2025-03-20 10:59:00,3.893096,86084.164,1742439540,BTC-USD,M5
291,1742439615,2025-03-20 10:59:00,5.249891,2033.5978,1742439540,ETH-USD,M5
292,1742439910,2025-03-20 10:50:04,-2.4074075,527,1742439004,0700.HK,M5
293,1742439910,2025-03-20 10:50:05,-2.1261516,138.1,1742439005,9988.HK,M5
294,1742439910,2025-03-20 10:50:00,-0.5903188,84.2,1742439000,0941.HK,M5
295,1742439910,2025-03-20 10:50:04,-0.42980242,6.95,1742439004,0939.HK,M5
296,1742439910,2025-03-20 10:50:02,0.16713262,89.9,1742439002,0005.HK,M5
297,1742439910,2025-03-20 10:50:05,0.257728,58.35,1742439005,1810.HK,M5
298,1742439910,2025-03-20 10:50:05,-2.7856703,171,1742439005,3690.HK,M5
299,1742439910,2025-03-20 10:50:04,0.97826254,18.58,1742439004,0883.HK,M5
300,1742439910,2025-03-20 10:50:05,-1.1041021,62.7,1742439005,1299.HK,M5
301,1742439910,2025-03-20 10:50:05,-3.1782014,170.6,1742439005,9618.HK,M5
302,1742439910,2025-03-20 11:04:00,3.7365413,86036.28,1742439840,BTC-USD,M5
303,1742439910,2025-03-20 11:04:00,5.0601473,2032.462,1742439840,ETH-USD,M5
304,1742440215,2025-03-20 10:55:10,-2.4074075,527,1742439310,0700.HK,M5
305,1742440215,2025-03-20 10:55:08,-1.913545,138.4,1742439308,9988.HK,M5
306,1742440215,2025-03-20 10:54:47,-0.70838076,84.1,1742439287,0941.HK,M5
307,1742440215,2025-03-20 10:55:10,-0.57306534,6.94,1742439310,0939.HK,M5
308,1742440215,2025-03-20 10:54:45,0.22283782,89.95,1742439285,0005.HK,M5
309,1742440215,2025-03-20 10:55:09,0.085909344,58.25,1742439309,1810.HK,M5
310,1742440215,2025-03-20 10:55:09,-2.615117,171.3,1742439309,3690.HK,M5
311,1742440215,2025-03-20 10:55:10,0.97826254,18.58,1742439310,0883.HK,M5
312,1742440215,2025-03-20 10:55:09,-1.025239,62.75,1742439309,1299.HK,M5
313,1742440215,2025-03-20 10:55:08,-2.894433,171.1,1742439308,9618.HK,M5
314,1742440215,2025-03-20 11:08:00,3.7627747,86108.375,1742440080,BTC-USD,M5
315,1742440215,2025-03-20 11:08:00,5.0242734,2032.4612,1742440080,ETH-USD,M5
316,1742440515,2025-03-20 11:00:10,-2.3148148,527.5,1742439610,0700.HK,M5
317,1742440515,2025-03-20 11:00:09,-1.6300517,138.8,1742439609,9988.HK,M5
318,1742440515,2025-03-20 11:00:04,-0.5903188,84.2,1742439604,0941.HK,M5
319,1742440515,2025-03-20 11:00:10,-0.42980242,6.95,1742439610,0939.HK,M5
320,1742440515,2025-03-20 11:00:04,0.27855152,90,1742439604,0005.HK,M5
321,1742440515,2025-03-20 11:00:10,0.5154626,58.5,1742439610,1810.HK,M5
322,1742440515,2025-03-20 11:00:10,-2.5014179,171.5,1742439610,3690.HK,M5
323,1742440515,2025-03-20 11:00:01,0.8695644,18.56,1742439601,0883.HK,M5
324,1742440515,2025-03-20 11:00:03,-1.025239,62.75,1742439603,1299.HK,M5
325,1742440515,2025-03-20 11:00:09,-2.6674216,171.5,1742439609,9618.HK,M5
326,1742440515,2025-03-20 11:13:00,3.7725585,86037.61,1742440380,BTC-USD,M5
327,1742440515,2025-03-20 11:13:00,4.979126,2030.0527,1742440380,ETH-USD,M5
328,1742440810,2025-03-20 11:05:03,-2.4074075,527,1742439903,0700.HK,M5
329,1742440810,2025-03-20 11:05:04,-2.0552864,138.2,1742439904,9988.HK,M5
330,1742440810,2025-03-20 11:05:02,-0.47224784,84.3,1742439902,0941.HK,M5
331,1742440810,2025-03-20 11:04:48,-0.42980242,6.95,1742439888,0939.HK,M5
332,1742440810,2025-03-20 11:04:52,0.22283782,89.95,1742439892,0005.HK,M5
333,1742440810,2025-03-20 11:05:04,0.085909344,58.25,1742439904,1810.HK,M5
334,1742440810,2025-03-20 11:05:04,-2.615117,171.3,1742439904,3690.HK,M5
335,1742440810,2025-03-20 11:05:02,0.8695644,18.56,1742439902,0883.HK,M5
336,1742440810,2025-03-20 11:05:04,-1.2618344,62.6,1742439904,1299.HK,M5
337,1742440810,2025-03-20 11:05:05,-3.0646958,170.8,1742439905,9618.HK,M5
338,1742440810,2025-03-20 11:18:00,3.8266532,86087,1742440680,BTC-USD,M5
339,1742440810,2025-03-20 11:18:00,4.9229302,2031.4185,1742440680,ETH-USD,M5
340,1742441110,2025-03-20 11:10:05,-2.3148148,527.5,1742440205,0700.HK,M5
341,1742441110,2025-03-20 11:10:02,-1.842669,138.5,1742440202,9988.HK,M5
342,1742441110,2025-03-20 11:09:59,-0.47224784,84.3,1742440199,0941.HK,M5
343,1742441110,2025-03-20 11:10:05,-0.14326975,6.97,1742440205,0939.HK,M5
344,1742441110,2025-03-20 11:10:02,0.38997045,90.1,1742440202,0005.HK,M5
345,1742441110,2025-03-20 11:10:04,0.085909344,58.25,1742440204,1810.HK,M5
346,1742441110,2025-03-20 11:10:04,-2.615117,171.3,1742440204,3690.HK,M5
347,1742441110,2025-03-20 11:10:02,1.0869607,18.6,1742440202,0883.HK,M5
348,1742441110,2025-03-20 11:10:05,-1.025239,62.75,1742440205,1299.HK,M5
349,1742441110,2025-03-20 11:10:05,-2.9511902,171,1742440205,9618.HK,M5
350,1742441110,2025-03-20 11:24:00,3.800573,85921.88,1742441040,BTC-USD,M5
351,1742441110,2025-03-20 11:24:00,4.950448,2028.7129,1742441040,ETH-USD,M5
352,1742441415,2025-03-20 11:15:08,-2.0370371,529,1742440508,0700.HK,M5
353,1742441415,2025-03-20 11:15:09,-1.6300517,138.8,1742440509,9988.HK,M5
354,1742441415,2025-03-20 11:15:03,-0.6493453,84.15,1742440503,0941.HK,M5
355,1742441415,2025-03-20 11:15:10,-0.14326975,6.97,1742440510,0939.HK,M5
356,1742441415,2025-03-20 11:15:08,0.33426523,90.05,1742440508,0005.HK,M5
357,1742441415,2025-03-20 11:15:10,-0.42955327,57.95,1742440510,1810.HK,M5
358,1742441415,2025-03-20 11:15:10,-2.3308647,171.8,1742440510,3690.HK,M5
359,1742441415,2025-03-20 11:15:06,1.0869607,18.6,1742440506,0883.HK,M5
360,1742441415,2025-03-20 11:15:10,-0.94637585,62.8,1742440510,1299.HK,M5
361,1742441415,2025-03-20 11:15:09,-2.9511902,171,1742440509,9618.HK,M5
362,1742441415,2025-03-20 11:29:00,3.8034208,85927.875,1742441340,BTC-USD,M5
363,1742441415,2025-03-20 11:29:00,5.0091577,2028.1068,1742441340,ETH-USD,M5
364,1742441710,2025-03-20 11:20:05,-1.9444444,529.5,1742440805,0700.HK,M5
365,1742441710,2025-03-20 11:20:03,-1.6300517,138.8,1742440803,9988.HK,M5
366,1742441710,2025-03-20 11:19:56,-0.5312833,84.25,1742440796,0941.HK,M5
367,1742441710,2025-03-20 11:19:47,-0.14326975,6.97,1742440787,0939.HK,M5
368,1742441710,2025-03-20 11:19:55,0.33426523,90.05,1742440795,0005.HK,M5
369,1742441710,2025-03-20 11:20:03,0.085909344,58.25,1742440803,1810.HK,M5
370,1742441710,2025-03-20 11:20:04,-2.2740195,171.9,1742440804,3690.HK,M5
371,1742441710,2025-03-20 11:20:04,1.0869607,18.6,1742440804,0883.HK,M5
372,1742441710,2025-03-20 11:20:01,-0.8675127,62.85,1742440801,1299.HK,M5
373,1742441710,2025-03-20 11:19:42,-2.894433,171.1,1742440782,9618.HK,M5
374,1742441710,2025-03-20 11:33:00,3.7084,85888.74,1742441580,BTC-USD,M5
375,1742441710,2025-03-20 11:34:00,4.8072586,2025.4884,1742441640,ETH-USD,M5
376,1742442010,2025-03-20 11:25:05,-2.3148148,527.5,1742441105,0700.HK,M5
377,1742442010,2025-03-20 11:25:05,-2.0552864,138.2,1742441105,9988.HK,M5
378,1742442010,2025-03-20 11:25:03,-0.5903188,84.2,1742441103,0941.HK,M5
379,1742442010,2025-03-20 11:24:57,-0.28653267,6.96,1742441097,0939.HK,M5
380,1742442010,2025-03-20 11:25:03,0.22283782,89.95,1742441103,0005.HK,M5
381,1742442010,2025-03-20 11:25:05,-0.42955327,57.95,1742441105,1810.HK,M5
382,1742442010,2025-03-20 11:25:04,-2.671971,171.2,1742441104,3690.HK,M5
383,1742442010,2025-03-20 11:25:05,1.1956588,18.62,1742441105,0883.HK,M5
384,1742442010,2025-03-20 11:25:02,-0.8675127,62.85,1742441102,1299.HK,M5
385,1742442010,2025-03-20 11:24:54,-2.9511902,171,1742441094,9618.HK,M5
386,1742442010,2025-03-20 11:39:00,3.574946,85901.07,1742441940,BTC-USD,M5
387,1742442010,2025-03-20 11:39:00,4.794009,2028.095,1742441940,ETH-USD,M5
388,1742442310,2025-03-20 11:30:04,-2.3148148,527.5,1742441404,0700.HK,M5
389,1742442310,2025-03-20 11:30:04,-2.0552864,138.2,1742441404,9988.HK,M5
390,1742442310,2025-03-20 11:30:00,-0.5312833,84.25,1742441400,0941.HK,M5
391,1742442310,2025-03-20 11:30:01,-0.14326975,6.97,1742441401,0939.HK,M5
392,1742442310,2025-03-20 11:30:00,0.22283782,89.95,1742441400,0005.HK,M5
393,1742442310,2025-03-20 11:30:04,-0.3436439,58,1742441404,1810.HK,M5
394,1742442310,2025-03-20 11:30:05,-2.7288163,171.1,1742441405,3690.HK,M5
395,1742442310,2025-03-20 11:30:00,0.97826254,18.58,1742441400,0883.HK,M5
396,1742442310,2025-03-20 11:30:04,-1.025239,62.75,1742441404,1299.HK,M5
397,1742442310,2025-03-20 11:30:04,-3.121453,170.7,1742441404,9618.HK,M5
398,1742442310,2025-03-20 11:44:00,3.6213815,85959.234,1742442240,BTC-USD,M5
399,1742442310,2025-03-20 11:44:00,4.8362093,2029.1133,1742442240,ETH-USD,M5
400,1742442610,2025-03-20 11:35:04,-2.2222223,528,1742441704,0700.HK,M5
401,1742442610,2025-03-20 11:35:03,-2.1970277,138,1742441703,9988.HK,M5
402,1742442610,2025-03-20 11:34:52,-0.6493453,84.15,1742441692,0941.HK,M5
403,1742442610,2025-03-20 11:35:01,-0.42980242,6.95,1742441701,0939.HK,M5
404,1742442610,2025-03-20 11:35:00,0.16713262,89.9,1742441700,0005.HK,M5
405,1742442610,2025-03-20 11:35:04,0,58.2,1742441704,1810.HK,M5
406,1742442610,2025-03-20 11:35:05,-2.9562235,170.7,1742441705,3690.HK,M5
407,1742442610,2025-03-20 11:34:57,0.97826254,18.58,1742441697,0883.HK,M5
408,1742442610,2025-03-20 11:35:02,-1.025239,62.75,1742441702,1299.HK,M5
409,1742442610,2025-03-20 11:35:05,-3.2917159,170.4,1742441705,9618.HK,M5
410,1742442610,2025-03-20 11:48:00,3.7007666,85985.52,1742442480,BTC-USD,M5
411,1742442610,2025-03-20 11:49:00,4.7560453,2026.6066,1742442540,ETH-USD,M5
412,1742442910,2025-03-20 11:40:05,-2.4074075,527,1742442005,0700.HK,M5
413,1742442910,2025-03-20 11:40:05,-2.4096448,137.7,1742442005,9988.HK,M5
414,1742442910,2025-03-20 11:40:02,-0.70838076,84.1,1742442002,0941.HK,M5
415,1742442910,2025-03-20 11:40:03,-0.42980242,6.95,1742442003,0939.HK,M5
416,1742442910,2025-03-20 11:39:55,0.22283782,89.95,1742441995,0005.HK,M5
417,1742442910,2025-03-20 11:40:05,-0.3436439,58,1742442005,1810.HK,M5
418,1742442910,2025-03-20 11:40:04,-3.0130687,170.6,1742442004,3690.HK,M5
419,1742442910,2025-03-20 11:40:00,0.97826254,18.58,1742442000,0883.HK,M5
420,1742442910,2025-03-20 11:40:02,-1.1041021,62.7,1742442002,1299.HK,M5
421,1742442910,2025-03-20 11:40:05,-3.4052215,170.2,1742442005,9618.HK,M5
422,1742442910,2025-03-20 11:54:00,3.5413244,85882.2,1742442840,BTC-USD,M5
423,1742442910,2025-03-20 11:54:00,4.392707,2021.8184,1742442840,ETH-USD,M5
424,1742443210,2025-03-20 11:44:55,-2.4074075,527,1742442295,0700.HK,M5
425,1742443210,2025-03-20 11:45:02,-2.4096448,137.7,1742442302,9988.HK,M5
426,1742443210,2025-03-20 11:44:52,-0.70838076,84.1,1742442292,0941.HK,M5
427,1742443210,2025-03-20 11:44:59,-0.42980242,6.95,1742442299,0939.HK,M5
428,1742443210,2025-03-20 11:44:59,0.16713262,89.9,1742442299,0005.HK,M5
429,1742443210,2025-03-20 11:45:04,-0.6872878,57.8,1742442304,1810.HK,M5
430,1742443210,2025-03-20 11:45:02,-3.1267767,170.4,1742442302,3690.HK,M5
431,1742443210,2025-03-20 11:44:51,1.0869607,18.6,1742442291,0883.HK,M5
432,1742443210,2025-03-20 11:44:59,-1.3406975,62.55,1742442299,1299.HK,M5
433,1742443210,2025-03-20 11:44:53,-3.5754843,169.9,1742442293,9618.HK,M5
434,1742443210,2025-03-20 11:57:00,3.4590955,85880.16,1742443020,BTC-USD,M5
435,1742443210,2025-03-20 11:58:00,4.340097,2022.5475,1742443080,ETH-USD,M5
436,1742443510,2025-03-20 11:50:03,-2.6851852,525.5,1742442603,0700.HK,M5
437,1742443510,2025-03-20 11:50:04,-2.4805102,137.6,1742442604,9988.HK,M5
438,1742443510,2025-03-20 11:49:56,-0.6493453,84.15,1742442596,0941.HK,M5
439,1742443510,2025-03-20 11:50:05,-0.42980242,6.95,1742442605,0939.HK,M5
440,1742443510,2025-03-20 11:50:02,0.16713262,89.9,1742442602,0005.HK,M5
441,1742443510,2025-03-20 11:50:05,-0.5154626,57.9,1742442605,1810.HK,M5
442,1742443510,2025-03-20 11:50:04,-3.1267767,170.4,1742442604,3690.HK,M5
443,1742443510,2025-03-20 11:49:53,1.1956588,18.62,1742442593,0883.HK,M5
444,1742443510,2025-03-20 11:50:03,-1.2618344,62.6,1742442603,1299.HK,M5
445,1742443510,2025-03-20 11:49:59,-3.5754843,169.9,1742442599,9618.HK,M5
446,1742443510,2025-03-20 12:04:00,3.5752447,85922.43,1742443440,BTC-USD,M5
447,1742443510,2025-03-20 12:04:00,4.4986825,2024.2148,1742443440,ETH-USD,M5
448,1742443810,2025-03-20 11:55:05,-2.5925925,526,1742442905,0700.HK,M5
449,1742443810,2025-03-20 11:55:04,-2.4805102,137.6,1742442904,9988.HK,M5
450,1742443810,2025-03-20 11:55:05,-0.6493453,84.15,1742442905,0941.HK,M5
451,1742443810,2025-03-20 11:54:59,-0.28653267,6.96,1742442899,0939.HK,M5
452,1742443810,2025-03-20 11:55:05,0.22283782,89.95,1742442905,0005.HK,M5
453,1742443810,2025-03-20 11:55:04,-0.6013785,57.85,1742442904,1810.HK,M5
454,1742443810,2025-03-20 11:55:05,-3.0699227,170.5,1742442905,3690.HK,M5
455,1742443810,2025-03-20 11:54:55,0.97826254,18.58,1742442895,0883.HK,M5
456,1742443810,2025-03-20 11:54:55,-1.3406975,62.55,1742442895,1299.HK,M5
457,1742443810,2025-03-20 11:54:58,-3.5754843,169.9,1742442898,9618.HK,M5
458,1742443810,2025-03-20 12:08:00,3.5396557,85879.88,1742443680,BTC-USD,M5
459,1742443810,2025-03-20 12:09:00,4.4038854,2023.7096,1742443740,ETH-USD,M5
460,1742444110,2025-03-20 11:59:54,-2.5925925,526,1742443194,0700.HK,M5
461,1742444110,2025-03-20 11:59:57,-2.338769,137.8,1742443197,9988.HK,M5
462,1742444110,2025-03-20 11:59:58,-0.6493453,84.15,1742443198,0941.HK,M5
463,1742444110,2025-03-20 11:59:48,-0.28653267,6.96,1742443188,0939.HK,M5
464,1742444110,2025-03-20 11:59:48,0.16713262,89.9,1742443188,0005.HK,M5
465,1742444110,2025-03-20 11:59:57,-0.42955327,57.95,1742443197,1810.HK,M5
466,1742444110,2025-03-20 11:59:59,-2.9562235,170.7,1742443199,3690.HK,M5
467,1742444110,2025-03-20 11:59:45,1.1956588,18.62,1742443185,0883.HK,M5
468,1742444110,2025-03-20 11:59:58,-1.2618344,62.6,1742443198,1299.HK,M5
469,1742444110,2025-03-20 11:59:59,-3.518727,170,1742443199,9618.HK,M5
470,1742444110,2025-03-20 12:13:00,3.5459979,85837.9,1742443980,BTC-USD,M5
471,1742444110,2025-03-20 12:14:00,4.415308,2021.7888,1742444040,ETH-USD,M5
472,1742444415,2025-03-20 12:18:00,3.4865549,85797.45,1742444280,BTC-USD,M5
473,1742444415,2025-03-20 12:18:00,4.402149,2021.052,1742444280,ETH-USD,M5
474,1742444710,2025-03-20 12:24:00,3.4953456,85830.5,1742444640,BTC-USD,M5
475,1742444710,2025-03-20 12:24:00,4.6123624,2023.8722,1742444640,ETH-USD,M5
476,1742445310,2025-03-20 12:33:00,3.5214472,85705.57,1742445180,BTC-USD,M5
477,1742445310,2025-03-20 12:33:00,4.802817,2023.654,1742445180,ETH-USD,M5
478,1742445610,2025-03-20 12:38:00,3.3601477,85688.37,1742445480,BTC-USD,M5
479,1742445610,2025-03-20 12:39:00,4.5330386,2020.4143,1742445540,ETH-USD,M5
480,1742445910,2025-03-20 12:43:00,3.151507,85589.414,1742445780,BTC-USD,M5
481,1742445910,2025-03-20 12:44:00,4.505832,2020.2252,1742445840,ETH-USD,M5
482,1742446210,2025-03-20 12:48:00,2.9352393,85466.71,1742446080,BTC-USD,M5
483,1742446210,2025-03-20 12:49:00,4.4695253,2019.6866,1742446140,ETH-USD,M5
484,1742446510,2025-03-20 12:53:00,3.2569122,85668.47,1742446380,BTC-USD,M5
485,1742446510,2025-03-20 12:54:00,4.541824,2020.5894,1742446440,ETH-USD,M5
486,1742446815,2025-03-20 12:58:00,3.2572372,85656.37,1742446680,BTC-USD,M5
487,1742446815,2025-03-20 12:58:00,4.5762267,2021.4432,1742446680,ETH-USD,M5
488,1742447110,2025-03-20 13:04:00,3.2485442,85676.14,1742447040,BTC-USD,M5
489,1742447110,2025-03-20 13:04:00,4.5471225,2020.6116,1742447040,ETH-USD,M5
490,1742447410,2025-03-20 13:08:00,3.1404724,85620.24,1742447280,BTC-USD,M5
491,1742447410,2025-03-20 13:08:00,4.4541583,2019.4143,1742447280,ETH-USD,M5
492,1742447710,2025-03-20 13:00:05,-2.5925925,526,1742446805,0700.HK,M5
493,1742447710,2025-03-20 13:00:04,-2.338769,137.8,1742446804,9988.HK,M5
494,1742447710,2025-03-20 13:00:05,-0.6493453,84.15,1742446805,0941.HK,M5
495,1742447710,2025-03-20 13:00:05,-0.42980242,6.95,1742446805,0939.HK,M5
496,1742447710,2025-03-20 13:00:05,0.16713262,89.9,1742446805,0005.HK,M5
497,1742447710,2025-03-20 13:00:04,-0.42955327,57.95,1742446804,1810.HK,M5
498,1742447710,2025-03-20 13:00:05,-2.9562235,170.7,1742446805,3690.HK,M5
499,1742447710,2025-03-20 13:00:03,1.1956588,18.62,1742446803,0883.HK,M5
500,1742447710,2025-03-20 13:00:04,-1.3406975,62.55,1742446804,1299.HK,M5
501,1742447710,2025-03-20 13:00:05,-3.518727,170,1742446805,9618.HK,M5
502,1742447710,2025-03-20 13:13:00,3.2402549,85671.805,1742447580,BTC-USD,M5
503,1742447710,2025-03-20 13:13:00,4.5065026,2020.763,1742447580,ETH-USD,M5
504,1742448015,2025-03-20 13:05:09,-2.7777777,525,1742447109,0700.HK,M5
505,1742448015,2025-03-20 13:05:11,-2.6222622,137.4,1742447111,9988.HK,M5
506,1742448015,2025-03-20 13:05:08,-0.47224784,84.3,1742447108,0941.HK,M5
507,1742448015,2025-03-20 13:05:10,-0.57306534,6.94,1742447110,0939.HK,M5
508,1742448015,2025-03-20 13:05:07,0.27855152,90,1742447107,0005.HK,M5
509,1742448015,2025-03-20 13:05:11,-1.0309317,57.6,1742447111,1810.HK,M5
510,1742448015,2025-03-20 13:05:10,-3.0699227,170.5,1742447110,3690.HK,M5
511,1742448015,2025-03-20 13:05:09,0.97826254,18.58,1742447109,0883.HK,M5
512,1742448015,2025-03-20 13:05:07,-1.025239,62.75,1742447107,1299.HK,M5
513,1742448015,2025-03-20 13:04:36,-3.6322327,169.8,1742447076,9618.HK,M5
514,1742448015,2025-03-20 13:18:00,3.1482823,85597.31,1742447880,BTC-USD,M5
515,1742448015,2025-03-20 13:18:00,4.290892,2018.9626,1742447880,ETH-USD,M5
516,1742448310,2025-03-20 13:10:04,-3.2407408,522.5,1742447404,0700.HK,M5
517,1742448310,2025-03-20 13:10:04,-2.9057448,137,1742447404,9988.HK,M5
518,1742448310,2025-03-20 13:10:03,-0.5903188,84.2,1742447403,0941.HK,M5
519,1742448310,2025-03-20 13:10:05,-0.57306534,6.94,1742447405,0939.HK,M5
520,1742448310,2025-03-20 13:10:00,0.22283782,89.95,1742447400,0005.HK,M5
521,1742448310,2025-03-20 13:10:03,-1.0309317,57.6,1742447403,1810.HK,M5
522,1742448310,2025-03-20 13:10:04,-3.240476,170.2,1742447404,3690.HK,M5
523,1742448310,2025-03-20 13:10:01,1.1956588,18.62,1742447401,0883.HK,M5
524,1742448310,2025-03-20 13:10:01,-1.025239,62.75,1742447401,1299.HK,M5
525,1742448310,2025-03-20 13:09:34,-3.6322327,169.8,1742447374,9618.HK,M5
526,1742448310,2025-03-20 13:23:00,3.0768328,85556.96,1742448180,BTC-USD,M5
527,1742448310,2025-03-20 13:24:00,4.0577784,2015.2007,1742448240,ETH-USD,M5
528,1742448610,2025-03-20 13:15:03,-2.6851852,525.5,1742447703,0700.HK,M5
529,1742448610,2025-03-20 13:15:04,-2.6931274,137.3,1742447704,9988.HK,M5
530,1742448610,2025-03-20 13:15:00,-0.5903188,84.2,1742447700,0941.HK,M5
531,1742448610,2025-03-20 13:15:01,-0.57306534,6.94,1742447701,0939.HK,M5
532,1742448610,2025-03-20 13:15:02,0.16713262,89.9,1742447702,0005.HK,M5
533,1742448610,2025-03-20 13:15:03,-0.85910654,57.7,1742447703,1810.HK,M5
534,1742448610,2025-03-20 13:15:04,-2.9562235,170.7,1742447704,3690.HK,M5
535,1742448610,2025-03-20 13:15:02,1.1956588,18.62,1742447702,0883.HK,M5
536,1742448610,2025-03-20 13:15:03,-0.8675127,62.85,1742447703,1299.HK,M5
537,1742448610,2025-03-20 13:14:42,-3.5754843,169.9,1742447682,9618.HK,M5
538,1742448610,2025-03-20 13:28:00,2.9842176,85529.195,1742448480,BTC-USD,M5
539,1742448610,2025-03-20 13:28:00,3.9453332,2013.3569,1742448480,ETH-USD,M5
540,1742448910,2025-03-20 13:20:02,-2.5,526.5,1742448002,0700.HK,M5
541,1742448910,2025-03-20 13:20:04,-2.551386,137.5,1742448004,9988.HK,M5
542,1742448910,2025-03-20 13:20:05,-0.47224784,84.3,1742448005,0941.HK,M5
543,1742448910,2025-03-20 13:20:00,-0.57306534,6.94,1742448000,0939.HK,M5
544,1742448910,2025-03-20 13:20:01,0.16713262,89.9,1742448001,0005.HK,M5
545,1742448910,2025-03-20 13:20:04,-0.6872878,57.8,1742448004,1810.HK,M5
546,1742448910,2025-03-20 13:20:02,-3.183622,170.3,1742448002,3690.HK,M5
547,1742448910,2025-03-20 13:19:59,1.1956588,18.62,1742447999,0883.HK,M5
548,1742448910,2025-03-20 13:20:02,-1.1829653,62.65,1742448002,1299.HK,M5
549,1742448910,2025-03-20 13:19:16,-3.5754843,169.9,1742447956,9618.HK,M5
550,1742448910,2025-03-20 13:33:00,2.976104,85558.73,1742448780,BTC-USD,M5
551,1742448910,2025-03-20 13:34:00,3.9917808,2014.6593,1742448840,ETH-USD,M5
552,1742449820,2025-03-20 13:35:13,-2.5,526.5,1742448913,0700.HK,M5
553,1742449820,2025-03-20 13:35:15,-2.6222622,137.4,1742448915,9988.HK,M5
554,1742449820,2025-03-20 13:35:12,-0.5312833,84.25,1742448912,0941.HK,M5
555,1742449820,2025-03-20 13:35:13,-0.42980242,6.95,1742448913,0939.HK,M5
556,1742449820,2025-03-20 13:34:57,0.16713262,89.9,1742448897,0005.HK,M5
557,1742449820,2025-03-20 13:35:14,-0.94501585,57.65,1742448914,1810.HK,M5
558,1742449820,2025-03-20 13:35:14,-3.240476,170.2,1742448914,3690.HK,M5
559,1742449820,2025-03-20 13:34:56,1.3043466,18.64,1742448896,0883.HK,M5
560,1742449820,2025-03-20 13:35:13,-0.78864354,62.9,1742448913,1299.HK,M5
561,1742449820,2025-03-20 13:34:51,-3.6322327,169.8,1742448891,9618.HK,M5
562,1742449820,2025-03-20 13:48:00,2.9749897,85648.66,1742449680,BTC-USD,M5
563,1742449820,2025-03-20 13:48:00,3.9845476,2014.9532,1742449680,ETH-USD,M5
564,1742450120,2025-03-20 13:40:13,-2.9629629,524,1742449213,0700.HK,M5
565,1742450120,2025-03-20 13:40:15,-2.976621,136.9,1742449215,9988.HK,M5
566,1742450120,2025-03-20 13:40:11,-0.6493453,84.15,1742449211,0941.HK,M5
567,1742450120,2025-03-20 13:40:13,-0.57306534,6.94,1742449213,0939.HK,M5
568,1742450120,2025-03-20 13:40:08,0.16713262,89.9,1742449208,0005.HK,M5
569,1742450120,2025-03-20 13:40:14,-1.2027504,57.5,1742449214,1810.HK,M5
570,1742450120,2025-03-20 13:40:14,-3.5815737,169.6,1742449214,3690.HK,M5
571,1742450120,2025-03-20 13:40:05,1.1956588,18.62,1742449205,0883.HK,M5
572,1742450120,2025-03-20 13:40:06,-1.2618344,62.6,1742449206,1299.HK,M5
573,1742450120,2025-03-20 13:40:05,-3.9727583,169.2,1742449205,9618.HK,M5
574,1742450120,2025-03-20 13:53:00,2.9826725,85745.42,1742449980,BTC-USD,M5
575,1742450120,2025-03-20 13:53:00,4.011741,2016.8917,1742449980,ETH-USD,M5
576,1742450420,2025-03-20 13:45:14,-3.148148,523,1742449514,0700.HK,M5
577,1742450420,2025-03-20 13:45:13,-2.9057448,137,1742449513,9988.HK,M5
578,1742450420,2025-03-20 13:45:14,-0.6493453,84.15,1742449514,0941.HK,M5
579,1742450420,2025-03-20 13:45:13,-0.57306534,6.94,1742449513,0939.HK,M5
580,1742450420,2025-03-20 13:44:51,0.16713262,89.9,1742449491,0005.HK,M5
581,1742450420,2025-03-20 13:45:13,-1.2886598,57.45,1742449513,1810.HK,M5
582,1742450420,2025-03-20 13:45:13,-3.5815737,169.6,1742449513,3690.HK,M5
583,1742450420,2025-03-20 13:45:13,1.0869607,18.6,1742449513,0883.HK,M5
584,1742450420,2025-03-20 13:45:07,-1.025239,62.75,1742449507,1299.HK,M5
585,1742450420,2025-03-20 13:45:13,-4.3132753,168.6,1742449513,9618.HK,M5
586,1742450420,2025-03-20 13:58:00,3.1129878,85829.516,1742450280,BTC-USD,M5
587,1742450420,2025-03-20 13:59:00,4.086427,2018.5785,1742450340,ETH-USD,M5
588,1742450720,2025-03-20 13:50:14,-2.7777777,525,1742449814,0700.HK,M5
589,1742450720,2025-03-20 13:50:13,-2.9057448,137,1742449813,9988.HK,M5
590,1742450720,2025-03-20 13:50:13,-0.6493453,84.15,1742449813,0941.HK,M5
591,1742450720,2025-03-20 13:50:13,-0.57306534,6.94,1742449813,0939.HK,M5
592,1742450720,2025-03-20 13:49:29,0.16713262,89.9,1742449769,0005.HK,M5
593,1742450720,2025-03-20 13:50:14,-1.0309317,57.6,1742449814,1810.HK,M5
594,1742450720,2025-03-20 13:50:15,-3.6952815,169.4,1742449815,3690.HK,M5
595,1742450720,2025-03-20 13:50:04,1.0869607,18.6,1742449804,0883.HK,M5
596,1742450720,2025-03-20 13:50:15,-0.94637585,62.8,1742449815,1299.HK,M5
597,1742450720,2025-03-20 13:50:12,-4.0295067,169.1,1742449812,9618.HK,M5
598,1742450720,2025-03-20 14:03:00,3.174723,85835.81,1742450580,BTC-USD,M5
599,1742450720,2025-03-20 14:04:00,4.1284304,2018.0292,1742450640,ETH-USD,M5
600,1742451020,2025-03-20 13:55:15,-2.5925925,526,1742450115,0700.HK,M5
601,1742451020,2025-03-20 13:55:14,-2.8348687,137.1,1742450114,9988.HK,M5
602,1742451020,2025-03-20 13:55:14,-0.6493453,84.15,1742450114,0941.HK,M5
603,1742451020,2025-03-20 13:55:00,-0.57306534,6.94,1742450100,0939.HK,M5
604,1742451020,2025-03-20 13:55:13,0.22283782,89.95,1742450113,0005.HK,M5
605,1742451020,2025-03-20 13:55:14,-0.94501585,57.65,1742450114,1810.HK,M5
606,1742451020,2025-03-20 13:55:14,-3.5247283,169.7,1742450114,3690.HK,M5
607,1742451020,2025-03-20 13:55:14,1.0869607,18.6,1742450114,0883.HK,M5
608,1742451020,2025-03-20 13:54:52,-1.1041021,62.7,1742450092,1299.HK,M5
609,1742451020,2025-03-20 13:55:07,-4.1997695,168.8,1742450107,9618.HK,M5
610,1742451020,2025-03-20 14:08:00,3.22503,85877.06,1742450880,BTC-USD,M5
611,1742451020,2025-03-20 14:08:00,4.1346416,2018.3523,1742450880,ETH-USD,M5
612,1742451320,2025-03-20 14:00:13,-2.9629629,524,1742450413,0700.HK,M5
613,1742451320,2025-03-20 14:00:13,-3.1183622,136.7,1742450413,9988.HK,M5
614,1742451320,2025-03-20 13:59:57,-0.70838076,84.1,1742450397,0941.HK,M5
615,1742451320,2025-03-20 14:00:15,-0.57306534,6.94,1742450415,0939.HK,M5
616,1742451320,2025-03-20 14:00:05,0.27855152,90,1742450405,0005.HK,M5
617,1742451320,2025-03-20 14:00:13,-1.2886598,57.45,1742450413,1810.HK,M5
618,1742451320,2025-03-20 14:00:13,-3.6384275,169.5,1742450413,3690.HK,M5
619,1742451320,2025-03-20 14:00:08,0.97826254,18.58,1742450408,0883.HK,M5
620,1742451320,2025-03-20 14:00:15,-1.1041021,62.7,1742450415,1299.HK,M5
621,1742451320,2025-03-20 14:00:15,-4.540295,168.2,1742450415,9618.HK,M5
622,1742451320,2025-03-20 14:12:00,3.200716,85913.25,1742451120,BTC-USD,M5
623,1742451320,2025-03-20 14:13:00,3.922328,2018.1426,1742451180,ETH-USD,M5
624,1742451620,2025-03-20 14:05:15,-3.2407408,522.5,1742450715,0700.HK,M5
625,1742451620,2025-03-20 14:05:14,-3.2601035,136.5,1742450714,9988.HK,M5
626,1742451620,2025-03-20 14:05:12,-0.76740724,84.05,1742450712,0941.HK,M5
627,1742451620,2025-03-20 14:05:13,-0.57306534,6.94,1742450713,0939.HK,M5
628,1742451620,2025-03-20 14:05:09,0.27855152,90,1742450709,0005.HK,M5
629,1742451620,2025-03-20 14:05:13,-1.8900383,57.1,1742450713,1810.HK,M5
630,1742451620,2025-03-20 14:05:15,-3.752127,169.3,1742450715,3690.HK,M5
631,1742451620,2025-03-20 14:05:14,1.0869607,18.6,1742450714,0883.HK,M5
632,1742451620,2025-03-20 14:05:12,-1.2618344,62.6,1742450712,1299.HK,M5
633,1742451620,2025-03-20 14:05:08,-4.653801,168,1742450708,9618.HK,M5
634,1742451620,2025-03-20 14:18:00,3.1124947,85907.87,1742451480,BTC-USD,M5
635,1742451620,2025-03-20 14:18:00,4.0124974,2018.8289,1742451480,ETH-USD,M5
636,1742451920,2025-03-20 14:10:15,-3.148148,523,1742451015,0700.HK,M5
637,1742451920,2025-03-20 14:10:14,-3.1892273,136.6,1742451014,9988.HK,M5
638,1742451920,2025-03-20 14:10:10,-0.76740724,84.05,1742451010,0941.HK,M5
639,1742451920,2025-03-20 14:10:14,-0.57306534,6.94,1742451014,0939.HK,M5
640,1742451920,2025-03-20 14:10:14,0.22283782,89.95,1742451014,0005.HK,M5
641,1742451920,2025-03-20 14:10:14,-1.6323037,57.25,1742451014,1810.HK,M5
642,1742451920,2025-03-20 14:10:14,-3.6952815,169.4,1742451014,3690.HK,M5
643,1742451920,2025-03-20 14:10:15,1.0869607,18.6,1742451015,0883.HK,M5
644,1742451920,2025-03-20 14:10:08,-1.3406975,62.55,1742451008,1299.HK,M5
645,1742451920,2025-03-20 14:10:02,-4.540295,168.2,1742451002,9618.HK,M5
646,1742451920,2025-03-20 14:24:00,3.323951,86000.69,1742451840,BTC-USD,M5
647,1742451920,2025-03-20 14:24:00,4.324021,2021.3661,1742451840,ETH-USD,M5
648,1742457020,2025-03-20 15:35:13,-3.7037036,520,1742456113,0700.HK,M5
649,1742457020,2025-03-20 15:35:15,-4.181438,135.2,1742456115,9988.HK,M5
650,1742457020,2025-03-20 15:35:14,-1.121602,83.75,1742456114,0941.HK,M5
651,1742457020,2025-03-20 15:35:13,-1.0028678,6.91,1742456113,0939.HK,M5
652,1742457020,2025-03-20 15:35:12,0.16713262,89.9,1742456112,0005.HK,M5
653,1742457020,2025-03-20 15:35:14,-2.5773196,56.7,1742456114,1810.HK,M5
654,1742457020,2025-03-20 15:35:15,-4.2069325,168.5,1742456115,3690.HK,M5
655,1742457020,2025-03-20 15:35:11,1.0869607,18.6,1742456111,0883.HK,M5
656,1742457020,2025-03-20 15:35:14,-2.3659306,61.9,1742456114,1299.HK,M5
657,1742457020,2025-03-20 15:35:15,-5.107832,167.2,1742456115,9618.HK,M5
658,1742457020,2025-03-20 15:48:00,3.1981487,85834.01,1742456880,BTC-USD,M5
659,1742457020,2025-03-20 15:49:00,4.047868,2010.2181,1742456940,ETH-USD,M5
660,1742457320,2025-03-20 15:40:14,-3.8888888,519,1742456414,0700.HK,M5
661,1742457320,2025-03-20 15:40:14,-4.181438,135.2,1742456414,9988.HK,M5
662,1742457320,2025-03-20 15:40:14,-1.121602,83.75,1742456414,0941.HK,M5
663,1742457320,2025-03-20 15:40:13,-0.85959804,6.92,1742456413,0939.HK,M5
664,1742457320,2025-03-20 15:40:13,0.16713262,89.9,1742456413,0005.HK,M5
665,1742457320,2025-03-20 15:40:14,-2.8350542,56.55,1742456414,1810.HK,M5
666,1742457320,2025-03-20 15:40:15,-4.3206315,168.3,1742456415,3690.HK,M5
667,1742457320,2025-03-20 15:40:13,0.97826254,18.58,1742456413,0883.HK,M5
668,1742457320,2025-03-20 15:40:14,-2.5236628,61.8,1742456414,1299.HK,M5
669,1742457320,2025-03-20 15:40:14,-5.221338,167,1742456414,9618.HK,M5
670,1742457320,2025-03-20 15:54:00,3.2183394,85863.17,1742457240,BTC-USD,M5
671,1742457320,2025-03-20 15:54:00,3.9389071,2010.571,1742457240,ETH-USD,M5
672,1742457620,2025-03-20 15:45:14,-3.8888888,519,1742456714,0700.HK,M5
673,1742457620,2025-03-20 15:45:14,-4.252303,135.1,1742456714,9988.HK,M5
674,1742457620,2025-03-20 15:45:08,-1.1806376,83.7,1742456708,0941.HK,M5
675,1742457620,2025-03-20 15:45:13,-1.0028678,6.91,1742456713,0939.HK,M5
676,1742457620,2025-03-20 15:45:13,0.22283782,89.95,1742456713,0005.HK,M5
677,1742457620,2025-03-20 15:45:14,-2.9209635,56.5,1742456714,1810.HK,M5
678,1742457620,2025-03-20 15:45:15,-4.3774858,168.2,1742456715,3690.HK,M5
679,1742457620,2025-03-20 15:45:14,0.76087666,18.54,1742456714,0883.HK,M5
680,1742457620,2025-03-20 15:45:08,-2.602526,61.75,1742456708,1299.HK,M5
681,1742457620,2025-03-20 15:45:15,-4.9943266,167.4,1742456715,9618.HK,M5
682,1742457620,2025-03-20 15:59:00,3.197938,85840.36,1742457540,BTC-USD,M5
683,1742457620,2025-03-20 15:59:00,4.0120893,2009.0245,1742457540,ETH-USD,M5
684,1742457920,2025-03-20 15:50:14,-3.7962964,519.5,1742457014,0700.HK,M5
685,1742457920,2025-03-20 15:50:15,-4.0396967,135.4,1742457015,9988.HK,M5
686,1742457920,2025-03-20 15:50:15,-1.1806376,83.7,1742457015,0941.HK,M5
687,1742457920,2025-03-20 15:50:13,-0.85959804,6.92,1742457013,0939.HK,M5
688,1742457920,2025-03-20 15:50:13,0.22283782,89.95,1742457013,0005.HK,M5
689,1742457920,2025-03-20 15:50:14,-2.3195915,56.85,1742457014,1810.HK,M5
690,1742457920,2025-03-20 15:50:14,-4.2069325,168.5,1742457014,3690.HK,M5
691,1742457920,2025-03-20 15:50:14,0.76087666,18.54,1742457014,0883.HK,M5
692,1742457920,2025-03-20 15:50:14,-2.5236628,61.8,1742457014,1299.HK,M5
693,1742457920,2025-03-20 15:50:15,-4.937569,167.5,1742457015,9618.HK,M5
694,1742457920,2025-03-20 16:04:00,3.1557786,85855.88,1742457840,BTC-USD,M5
695,1742457920,2025-03-20 16:04:00,3.867145,2008.9574,1742457840,ETH-USD,M5
696,1742458225,2025-03-20 15:55:19,-3.7037036,520,1742457319,0700.HK,M5
697,1742458225,2025-03-20 15:55:20,-4.110562,135.3,1742457320,9988.HK,M5
698,1742458225,2025-03-20 15:55:17,-1.0035402,83.85,1742457317,0941.HK,M5
699,1742458225,2025-03-20 15:55:20,-1.0028678,6.91,1742457320,0939.HK,M5
700,1742458225,2025-03-20 15:55:20,0.22283784,89.95,1742457320,0005.HK,M5
701,1742458225,2025-03-20 15:55:20,-2.4914103,56.75,1742457320,1810.HK,M5
702,1742458225,2025-03-20 15:55:20,-4.2069325,168.5,1742457320,3690.HK,M5
703,1742458225,2025-03-20 15:55:20,0.7608766,18.54,1742457320,0883.HK,M5
704,1742458225,2025-03-20 15:55:20,-2.2082043,62,1742457320,1299.HK,M5
705,1742458225,2025-03-20 15:55:20,-4.880812,167.6,1742457320,9618.HK,M5
706,1742458225,2025-03-20 16:09:00,2.9310098,85760.35,1742458140,BTC-USD,M5
707,1742458225,2025-03-20 16:09:00,3.6318886,2005.2546,1742458140,ETH-USD,M5
708,1742459720,2025-03-20 16:08:51,-3.7962961,519.5,1742458131,0700.HK,M5
709,1742459720,2025-03-20 16:08:51,-3.9688208,135.5,1742458131,9988.HK,M5
710,1742459720,2025-03-20 16:08:51,-1.4167615,83.5,1742458131,0941.HK,M5
711,1742459720,2025-03-20 16:08:51,-1.1461307,6.9,1742458131,0939.HK,M5
712,1742459720,2025-03-20 16:08:51,0.055713706,89.8,1742458131,0005.HK,M5
713,1742459720,2025-03-20 16:08:51,-2.9209635,56.5,1742458131,1810.HK,M5
714,1742459720,2025-03-20 16:08:51,-4.434331,168.1,1742458131,3690.HK,M5
715,1742459720,2025-03-20 16:08:51,0.65217847,18.52,1742458131,0883.HK,M5
716,1742459720,2025-03-20 16:08:51,-1.8138824,62.25,1742458131,1299.HK,M5
717,1742459720,2025-03-20 16:08:51,-4.9375696,167.5,1742458131,9618.HK,M5
718,1742459720,2025-03-20 16:34:00,3.0116465,85905.25,1742459640,BTC-USD,M5
719,1742459720,2025-03-20 16:34:00,3.768993,2012.559,1742459640,ETH-USD,M5
720,1742460025,2025-03-20 16:38:00,3.0342393,85984.45,1742459880,BTC-USD,M5
721,1742460025,2025-03-20 16:38:00,3.8213224,2015.9781,1742459880,ETH-USD,M5
722,1742460320,2025-03-20 16:43:00,3.1831057,86040.63,1742460180,BTC-USD,M5
723,1742460320,2025-03-20 16:43:00,3.8936281,2015.5316,1742460180,ETH-USD,M5
724,1742460620,2025-03-20 16:48:00,3.2568576,86141.305,1742460480,BTC-USD,M5
725,1742460620,2025-03-20 16:48:00,3.8851376,2016.3364,1742460480,ETH-USD,M5
726,1742460950,2025-03-20 16:55:00,3.3875327,86276.016,1742460900,BTC-USD,M5
727,1742460950,2025-03-20 16:55:00,3.9159036,2018.6864,1742460900,ETH-USD,M5
728,1742463620,2025-03-20 17:39:00,2.9418826,86002.445,1742463540,BTC-USD,M5
729,1742463620,2025-03-20 17:39:00,3.3663425,2009.0565,1742463540,ETH-USD,M5
730,1742463940,2025-03-20 17:43:00,2.9972794,85983.63,1742463780,BTC-USD,M5
731,1742463940,2025-03-20 17:44:00,3.5286129,2009.9003,1742463840,ETH-USD,M5
732,1742464255,2025-03-20 17:49:00,3.005329,85950.97,1742464140,BTC-USD,M5
733,1742464255,2025-03-20 17:49:00,3.5774474,2009.7067,1742464140,ETH-USD,M5
734,1742526620,2025-03-21 10:55:18,-1.5399423,511.5,1742525718,0700.HK,M5
735,1742526620,2025-03-21 10:55:18,-2.5092206,132.1,1742525718,9988.HK,M5
736,1742526620,2025-03-21 10:55:17,1.6766485,84.9,1742525717,0941.HK,M5
737,1742526620,2025-03-21 10:55:15,0.14492394,6.91,1742525715,0939.HK,M5
738,1742526620,2025-03-21 10:55:18,-0.89087194,89,1742525718,0005.HK,M5
739,1742526620,2025-03-21 10:55:19,-2.566373,55.05,1742525719,1810.HK,M5
740,1742526620,2025-03-21 10:55:16,0.6543669,169.2,1742525716,3690.HK,M5
741,1742526620,2025-03-21 10:55:19,0.64794236,18.64,1742525719,0883.HK,M5
742,1742526620,2025-03-21 10:55:18,-2.0883522,60.95,1742525718,1299.HK,M5
743,1742526620,2025-03-21 10:55:12,-0.47761378,166.7,1742525712,9618.HK,M5
744,1742526620,2025-03-21 04:00:01,-0.52964103,214.1,1742500801,AAPL,M5
745,1742526620,2025-03-21 04:00:00,-0.25269738,386.84,1742500800,MSFT,M5
746,1742526620,2025-03-21 04:00:01,0.8594301,118.53,1742500801,NVDA,M5
747,1742526620,2025-03-21 04:00:01,-0.30172667,194.95,1742500801,AMZN,M5
748,1742526620,2025-03-21 04:00:02,-0.602345,85.81,1742500802,WMT,M5
749,1742526620,2025-03-21 04:00:02,-0.0418243,239.01,1742500802,JPM,M5
750,1742526620,2025-03-21 04:00:02,-0.108864,339.5,1742500802,V,M5
751,1742526620,2025-03-21 04:00:02,1.60969,511.3,1742500802,UNH,M5
752,1742526620,2025-03-21 04:00:02,0.0184053,163.02,1742500802,JNJ,M5
753,1742526620,2025-03-21 04:02:56,-0.605092,167.55,1742500976,PG,M5
754,1742526620,2025-03-21 11:08:00,-1.9293237,84447.07,1742526480,BTC-USD,M5
755,1742526620,2025-03-21 11:08:00,-2.5935762,1979.7478,1742526480,ETH-USD,M5
756,1742526920,2025-03-21 11:00:19,-1.9249278,509.5,1742526019,0700.HK,M5
757,1742526920,2025-03-21 11:00:19,-2.8044302,131.7,1742526019,9988.HK,M5
758,1742526920,2025-03-21 11:00:16,1.6167647,84.85,1742526016,0941.HK,M5
759,1742526920,2025-03-21 11:00:17,-0.2898548,6.88,1742526017,0939.HK,M5
760,1742526920,2025-03-21 11:00:18,-1.1135857,88.8,1742526018,0005.HK,M5
761,1742526920,2025-03-21 11:00:18,-3.097345,54.75,1742526018,1810.HK,M5
762,1742526920,2025-03-21 11:00:18,0.23794995,168.5,1742526018,3690.HK,M5
763,1742526920,2025-03-21 11:00:08,0.107993826,18.54,1742526008,0883.HK,M5
764,1742526920,2025-03-21 11:00:05,-2.1686723,60.9,1742526005,1299.HK,M5
765,1742526920,2025-03-21 11:00:19,-0.8955224,166,1742526019,9618.HK,M5
766,1742526920,2025-03-21 11:13:00,-1.9188255,84386.695,1742526780,BTC-USD,M5
767,1742526920,2025-03-21 11:14:00,-2.5878148,1977.0986,1742526840,ETH-USD,M5
768,1742527220,2025-03-21 11:05:18,-2.1174207,508.5,1742526318,0700.HK,M5
769,1742527220,2025-03-21 11:05:19,-2.9520295,131.5,1742526319,9988.HK,M5
770,1742527220,2025-03-21 11:05:12,1.6766485,84.9,1742526312,0941.HK,M5
771,1742527220,2025-03-21 11:05:18,-0.14493085,6.89,1742526318,0939.HK,M5
772,1742527220,2025-03-21 11:05:10,-1.1692684,88.75,1742526310,0005.HK,M5
773,1742527220,2025-03-21 11:05:19,-3.1858394,54.7,1742526319,1810.HK,M5
774,1742527220,2025-03-21 11:05:18,0.118974976,168.3,1742526318,3690.HK,M5
775,1742527220,2025-03-21 11:05:15,-0.107993826,18.5,1742526315,0883.HK,M5
776,1742527220,2025-03-21 11:05:17,-2.1686723,60.9,1742526317,1299.HK,M5
777,1742527220,2025-03-21 11:05:16,-0.8955224,166,1742526316,9618.HK,M5
778,1742527220,2025-03-21 11:19:00,-2.0569305,84276.03,1742527140,BTC-USD,M5
779,1742527220,2025-03-21 11:18:00,-2.8336942,1973.8544,1742527080,ETH-USD,M5
780,1742532620,2025-03-21 11:59:57,-2.0211742,509,1742529597,0700.HK,M5
781,1742532620,2025-03-21 11:59:59,-3.247228,131.1,1742529599,9988.HK,M5
782,1742532620,2025-03-21 11:59:59,1.0778462,84.4,1742529599,0941.HK,M5
783,1742532620,2025-03-21 11:59:59,-0.14493085,6.89,1742529599,0939.HK,M5
784,1742532620,2025-03-21 11:59:40,-1.1692684,88.75,1742529580,0005.HK,M5
785,1742532620,2025-03-21 11:59:59,-3.539823,54.5,1742529599,1810.HK,M5
786,1742532620,2025-03-21 11:59:59,-0.178467,167.8,1742529599,3690.HK,M5
787,1742532620,2025-03-21 11:59:51,-0.53995883,18.42,1742529591,0883.HK,M5
788,1742532620,2025-03-21 11:59:55,-2.811245,60.5,1742529595,1299.HK,M5
789,1742532620,2025-03-21 11:59:59,-1.313431,165.3,1742529599,9618.HK,M5
790,1742532620,2025-03-21 12:48:00,-0.8054734,84778.3,1742532480,BTC-USD,M5
791,1742532620,2025-03-21 12:49:00,-1.662022,1986.119,1742532540,ETH-USD,M5
792,1742532920,2025-03-21 12:53:00,-1.0916438,84733.27,1742532780,BTC-USD,M5
793,1742532920,2025-03-21 12:54:00,-1.8437577,1983.3346,1742532840,ETH-USD,M5
794,1742533220,2025-03-21 12:57:00,-1.1608816,84657.36,1742533020,BTC-USD,M5
795,1742533220,2025-03-21 12:58:00,-1.9212229,1982.6068,1742533080,ETH-USD,M5
796,1742534222,2025-03-21 13:02:01,-2.0211742,509,1742533321,0700.HK,M5
797,1742534222,2025-03-21 13:02:00,-3.0996287,131.3,1742533320,9988.HK,M5
798,1742534222,2025-03-21 13:01:56,1.1976048,84.5,1742533316,0941.HK,M5
799,1742534222,2025-03-21 13:01:57,0,6.9,1742533317,0939.HK,M5
800,1742534222,2025-03-21 13:01:44,-1.224951,88.7,1742533304,0005.HK,M5
801,1742534222,2025-03-21 13:02:00,-3.628317,54.45,1742533320,1810.HK,M5
802,1742534222,2025-03-21 13:01:59,-0.53540105,167.2,1742533319,3690.HK,M5
803,1742534222,2025-03-21 13:02:00,-0.3239815,18.46,1742533320,0883.HK,M5
804,1742534222,2025-03-21 13:02:00,-3.2128515,60.25,1742533320,1299.HK,M5
805,1742534222,2025-03-21 13:02:00,-1.313431,165.3,1742533320,9618.HK,M5
806,1742534222,2025-03-21 13:15:00,-1.3311931,84519.13,1742534100,BTC-USD,M5
807,1742534222,2025-03-21 13:15:00,-2.265725,1975.49,1742534100,ETH-USD,M5
808,1742534430,2025-03-21 13:05:26,-1.9249278,509.5,1742533526,0700.HK,M5
809,1742534430,2025-03-21 13:05:29,-3.0996287,131.3,1742533529,9988.HK,M5
810,1742534430,2025-03-21 13:05:28,1.2574887,84.55,1742533528,0941.HK,M5
811,1742534430,2025-03-21 13:05:15,-0.14493085,6.89,1742533515,0939.HK,M5
812,1742534430,2025-03-21 13:05:27,-1.0579115,88.85,1742533527,0005.HK,M5
813,1742534430,2025-03-21 13:05:28,-3.0088508,54.8,1742533528,1810.HK,M5
814,1742534430,2025-03-21 13:05:27,-0.23795904,167.7,1742533527,3690.HK,M5
815,1742534430,2025-03-21 13:05:24,0,18.52,1742533524,0883.HK,M5
816,1742534430,2025-03-21 13:05:12,-2.9718852,60.4,1742533512,1299.HK,M5
817,1742534430,2025-03-21 13:05:21,-1.253735,165.4,1742533521,9618.HK,M5
818,1742534430,2025-03-21 13:17:00,-1.3328226,84498.9,1742534220,BTC-USD,M5
819,1742534430,2025-03-21 13:18:00,-2.0996337,1976.5718,1742534280,ETH-USD,M5
820,1742534720,2025-03-21 13:10:19,-1.8286815,510,1742533819,0700.HK,M5
821,1742534720,2025-03-21 13:10:17,-3.247228,131.1,1742533817,9988.HK,M5
822,1742534720,2025-03-21 13:10:16,1.3173635,84.6,1742533816,0941.HK,M5
823,1742534720,2025-03-21 13:10:10,0,6.9,1742533810,0939.HK,M5
824,1742534720,2025-03-21 13:10:04,-1.1135857,88.8,1742533804,0005.HK,M5
825,1742534720,2025-03-21 13:10:18,-3.4513288,54.55,1742533818,1810.HK,M5
826,1742534720,2025-03-21 13:10:18,-0.178467,167.8,1742533818,3690.HK,M5
827,1742534720,2025-03-21 13:10:19,0,18.52,1742533819,0883.HK,M5
828,1742534720,2025-03-21 13:10:18,-2.9718852,60.4,1742533818,1299.HK,M5
829,1742534720,2025-03-21 13:10:19,-1.0746287,165.7,1742533819,9618.HK,M5
830,1742534720,2025-03-21 13:24:00,-1.2060409,84498.79,1742534640,BTC-USD,M5
831,1742534720,2025-03-21 13:24:00,-1.923242,1976.4435,1742534640,ETH-USD,M5
832,1742535020,2025-03-21 13:15:19,-2.1174207,508.5,1742534119,0700.HK,M5
833,1742535020,2025-03-21 13:15:18,-3.4686325,130.8,1742534118,9988.HK,M5
834,1742535020,2025-03-21 13:15:10,1.2574887,84.55,1742534110,0941.HK,M5
835,1742535020,2025-03-21 13:15:15,0,6.9,1742534115,0939.HK,M5
836,1742535020,2025-03-21 13:15:12,-1.0022289,88.9,1742534112,0005.HK,M5
837,1742535020,2025-03-21 13:15:18,-3.628317,54.45,1742534118,1810.HK,M5
838,1742535020,2025-03-21 13:15:18,-0.65437603,167,1742534118,3690.HK,M5
839,1742535020,2025-03-21 13:15:19,0,18.52,1742534119,0883.HK,M5
840,1742535020,2025-03-21 13:15:18,-3.2128515,60.25,1742534118,1299.HK,M5
841,1742535020,2025-03-21 13:15:18,-1.1343247,165.6,1742534118,9618.HK,M5
842,1742535020,2025-03-21 13:29:00,-1.2369134,84440.76,1742534940,BTC-USD,M5
843,1742535020,2025-03-21 13:29:00,-1.9236723,1974.3312,1742534940,ETH-USD,M5
844,1742535335,2025-03-21 13:20:34,-1.9249278,509.5,1742534434,0700.HK,M5
845,1742535335,2025-03-21 13:20:33,-3.3210332,131,1742534433,9988.HK,M5
846,1742535335,2025-03-21 13:20:34,1.4371221,84.7,1742534434,0941.HK,M5
847,1742535335,2025-03-21 13:20:25,-0.14493085,6.89,1742534425,0939.HK,M5
848,1742535335,2025-03-21 13:20:31,-1.1135857,88.8,1742534431,0005.HK,M5
849,1742535335,2025-03-21 13:20:32,-3.539823,54.5,1742534432,1810.HK,M5
850,1742535335,2025-03-21 13:20:34,-0.41642603,167.4,1742534434,3690.HK,M5
851,1742535335,2025-03-21 13:20:34,0.107993826,18.54,1742534434,0883.HK,M5
852,1742535335,2025-03-21 13:20:24,-3.2128515,60.25,1742534424,1299.HK,M5
853,1742535335,2025-03-21 13:20:24,-1.1343247,165.6,1742534424,9618.HK,M5
854,1742535335,2025-03-21 13:33:00,-1.2711668,84471.13,1742535180,BTC-USD,M5
855,1742535335,2025-03-21 13:33:00,-2.0568066,1973.9062,1742535180,ETH-USD,M5
856,1742535620,2025-03-21 13:25:19,-1.9249278,509.5,1742534719,0700.HK,M5
857,1742535620,2025-03-21 13:25:18,-3.247228,131.1,1742534718,9988.HK,M5
858,1742535620,2025-03-21 13:25:14,1.4970059,84.75,1742534714,0941.HK,M5
859,1742535620,2025-03-21 13:25:13,0,6.9,1742534713,0939.HK,M5
860,1742535620,2025-03-21 13:25:17,-0.94655466,88.95,1742534717,0005.HK,M5
861,1742535620,2025-03-21 13:25:19,-3.8938067,54.3,1742534719,1810.HK,M5
862,1742535620,2025-03-21 13:25:18,-0.89232594,166.6,1742534718,3690.HK,M5
863,1742535620,2025-03-21 13:25:19,0.107993826,18.54,1742534719,0883.HK,M5
864,1742535620,2025-03-21 13:25:00,-3.1325314,60.3,1742534700,1299.HK,M5
865,1742535620,2025-03-21 13:25:19,-1.1940298,165.5,1742534719,9618.HK,M5
866,1742535620,2025-03-21 13:39:00,-1.3536005,84422.7,1742535540,BTC-USD,M5
867,1742535620,2025-03-21 13:39:00,-2.0933943,1973.6135,1742535540,ETH-USD,M5
868,1742535920,2025-03-21 13:30:17,-1.9249278,509.5,1742535017,0700.HK,M5
869,1742535920,2025-03-21 13:30:18,-3.3210332,131,1742535018,9988.HK,M5
870,1742535920,2025-03-21 13:30:16,1.3772473,84.65,1742535016,0941.HK,M5
871,1742535920,2025-03-21 13:30:11,0,6.9,1742535011,0939.HK,M5
872,1742535920,2025-03-21 13:30:15,-1.1135857,88.8,1742535015,0005.HK,M5
873,1742535920,2025-03-21 13:30:19,-3.4513288,54.55,1742535019,1810.HK,M5
874,1742535920,2025-03-21 13:30:17,-0.594884,167.1,1742535017,3690.HK,M5
875,1742535920,2025-03-21 13:30:17,0,18.52,1742535017,0883.HK,M5
876,1742535920,2025-03-21 13:30:11,-3.2128515,60.25,1742535011,1299.HK,M5
877,1742535920,2025-03-21 13:30:08,-1.0746287,165.7,1742535008,9618.HK,M5
878,1742535920,2025-03-21 13:44:00,-1.434574,84399.17,1742535840,BTC-USD,M5
879,1742535920,2025-03-21 13:44:00,-2.1837294,1972.4594,1742535840,ETH-USD,M5
880,1742536220,2025-03-21 13:35:18,-2.0211742,509,1742535318,0700.HK,M5
881,1742536220,2025-03-21 13:35:18,-3.173434,131.2,1742535318,9988.HK,M5
882,1742536220,2025-03-21 13:35:14,1.1976048,84.5,1742535314,0941.HK,M5
883,1742536220,2025-03-21 13:35:13,0,6.9,1742535313,0939.HK,M5
884,1742536220,2025-03-21 13:35:13,-1.0022289,88.9,1742535313,0005.HK,M5
885,1742536220,2025-03-21 13:35:18,-3.4513288,54.55,1742535318,1810.HK,M5
886,1742536220,2025-03-21 13:35:16,-0.65437603,167,1742535316,3690.HK,M5
887,1742536220,2025-03-21 13:35:18,0,18.52,1742535318,0883.HK,M5
888,1742536220,2025-03-21 13:35:12,-3.1325314,60.3,1742535312,1299.HK,M5
889,1742536220,2025-03-21 13:35:00,-1.253735,165.4,1742535300,9618.HK,M5
890,1742536220,2025-03-21 13:48:00,-1.5383307,84331.09,1742536080,BTC-USD,M5
891,1742536220,2025-03-21 13:49:00,-2.1604016,1971.6414,1742536140,ETH-USD,M5
892,1742536520,2025-03-21 13:40:18,-2.1174207,508.5,1742535618,0700.HK,M5
893,1742536520,2025-03-21 13:40:18,-3.4686325,130.8,1742535618,9988.HK,M5
894,1742536520,2025-03-21 13:40:14,1.0778462,84.4,1742535614,0941.HK,M5
895,1742536520,2025-03-21 13:40:17,-0.14493085,6.89,1742535617,0939.HK,M5
896,1742536520,2025-03-21 13:40:17,-1.0579115,88.85,1742535617,0005.HK,M5
897,1742536520,2025-03-21 13:40:18,-3.982301,54.25,1742535618,1810.HK,M5
898,1742536520,2025-03-21 13:40:18,-0.832843,166.7,1742535618,3690.HK,M5
899,1742536520,2025-03-21 13:40:18,-0.21598765,18.48,1742535618,0883.HK,M5
900,1742536520,2025-03-21 13:40:18,-3.4538176,60.1,1742535618,1299.HK,M5
901,1742536520,2025-03-21 13:40:13,-1.4328321,165.1,1742535613,9618.HK,M5
902,1742536520,2025-03-21 13:54:00,-1.6343932,84338.99,1742536440,BTC-USD,M5
903,1742536520,2025-03-21 13:54:00,-2.3059168,1969.8297,1742536440,ETH-USD,M5
904,1742536820,2025-03-21 13:45:18,-2.3099134,507.5,1742535918,0700.HK,M5
905,1742536820,2025-03-21 13:45:18,-3.6162317,130.6,1742535918,9988.HK,M5
906,1742536820,2025-03-21 13:45:14,0.8383197,84.2,1742535914,0941.HK,M5
907,1742536820,2025-03-21 13:45:14,-0.43478563,6.87,1742535914,0939.HK,M5
908,1742536820,2025-03-21 13:45:17,-1.3919821,88.55,1742535917,0005.HK,M5
909,1742536820,2025-03-21 13:45:19,-4.2477903,54.1,1742535919,1810.HK,M5
910,1742536820,2025-03-21 13:45:17,-1.130285,166.2,1742535917,3690.HK,M5
911,1742536820,2025-03-21 13:45:15,-0.3239815,18.46,1742535915,0883.HK,M5
912,1742536820,2025-03-21 13:45:09,-3.5341377,60.05,1742535909,1299.HK,M5
913,1742536820,2025-03-21 13:45:17,-1.85075,164.4,1742535917,9618.HK,M5
914,1742536820,2025-03-21 13:59:00,-1.7063439,84367.336,1742536740,BTC-USD,M5
915,1742536820,2025-03-21 13:59:00,-2.3251398,1971.6438,1742536740,ETH-USD,M5
916,1742537120,2025-03-21 13:50:18,-2.4061599,507,1742536218,0700.HK,M5
917,1742537120,2025-03-21 13:50:19,-3.6162317,130.6,1742536219,9988.HK,M5
918,1742537120,2025-03-21 13:50:15,0.77844495,84.15,1742536215,0941.HK,M5
919,1742537120,2025-03-21 13:50:17,-0.43478563,6.87,1742536217,0939.HK,M5
920,1742537120,2025-03-21 13:50:16,-1.3919821,88.55,1742536216,0005.HK,M5
921,1742537120,2025-03-21 13:50:19,-4.1592894,54.15,1742536219,1810.HK,M5
922,1742537120,2025-03-21 13:50:19,-1.189768,166.1,1742536219,3690.HK,M5
923,1742537120,2025-03-21 13:50:15,-0.43196502,18.44,1742536215,0883.HK,M5
924,1742537120,2025-03-21 13:50:16,-3.6144578,60,1742536216,1299.HK,M5
925,1742537120,2025-03-21 13:50:13,-1.7910448,164.5,1742536213,9618.HK,M5
926,1742537120,2025-03-21 14:03:00,-1.6364133,84431.18,1742536980,BTC-USD,M5
927,1742537120,2025-03-21 14:03:00,-2.2008498,1973.0508,1742536980,ETH-USD,M5
928,1742537435,2025-03-21 13:55:33,-2.4061599,507,1742536533,0700.HK,M5
929,1742537435,2025-03-21 13:55:32,-3.3210332,131,1742536532,9988.HK,M5
930,1742537435,2025-03-21 13:55:32,1.0179622,84.35,1742536532,0941.HK,M5
931,1742537435,2025-03-21 13:55:23,-0.14493085,6.89,1742536523,0939.HK,M5
932,1742537435,2025-03-21 13:55:29,-1.2806252,88.65,1742536529,0005.HK,M5
933,1742537435,2025-03-21 13:55:34,-3.7168114,54.4,1742536534,1810.HK,M5
934,1742537435,2025-03-21 13:55:33,-0.89232594,166.6,1742536533,3690.HK,M5
935,1742537435,2025-03-21 13:55:27,-0.3239815,18.46,1742536527,0883.HK,M5
936,1742537435,2025-03-21 13:55:25,-3.3734915,60.15,1742536525,1299.HK,M5
937,1742537435,2025-03-21 13:55:29,-1.85075,164.4,1742536529,9618.HK,M5
938,1742537435,2025-03-21 14:08:00,-1.9047751,84241.305,1742537280,BTC-USD,M5
939,1742537435,2025-03-21 14:09:00,-2.3550446,1970.7468,1742537340,ETH-USD,M5
940,1742537720,2025-03-21 14:00:18,-2.3099134,507.5,1742536818,0700.HK,M5
941,1742537720,2025-03-21 14:00:18,-3.5424378,130.7,1742536818,9988.HK,M5
942,1742537720,2025-03-21 14:00:02,0.9580875,84.3,1742536802,0941.HK,M5
943,1742537720,2025-03-21 14:00:10,-0.14493085,6.89,1742536810,0939.HK,M5
944,1742537720,2025-03-21 14:00:17,-1.336308,88.6,1742536817,0005.HK,M5
945,1742537720,2025-03-21 14:00:17,-3.8053124,54.35,1742536817,1810.HK,M5
946,1742537720,2025-03-21 14:00:18,-1.130285,166.2,1742536818,3690.HK,M5
947,1742537720,2025-03-21 14:00:11,-0.53995883,18.42,1742536811,0883.HK,M5
948,1742537720,2025-03-21 14:00:18,-3.5341377,60.05,1742536818,1299.HK,M5
949,1742537720,2025-03-21 14:00:13,-1.85075,164.4,1742536813,9618.HK,M5
950,1742537720,2025-03-21 14:13:00,-1.9819287,84233.875,1742537580,BTC-USD,M5
951,1742537720,2025-03-21 14:14:00,-2.3765588,1971.4156,1742537640,ETH-USD,M5
952,1742538025,2025-03-21 14:05:23,-2.3099134,507.5,1742537123,0700.HK,M5
953,1742538025,2025-03-21 14:05:23,-3.6162317,130.6,1742537123,9988.HK,M5
954,1742538025,2025-03-21 14:05:21,0.77844495,84.15,1742537121,0941.HK,M5
955,1742538025,2025-03-21 14:05:18,-0.2898548,6.88,1742537118,0939.HK,M5
956,1742538025,2025-03-21 14:05:04,-1.2806252,88.65,1742537104,0005.HK,M5
957,1742538025,2025-03-21 14:05:24,-4.070795,54.2,1742537124,1810.HK,M5
958,1742538025,2025-03-21 14:05:24,-1.24926,166,1742537124,3690.HK,M5
959,1742538025,2025-03-21 14:05:21,-0.43196502,18.44,1742537121,0883.HK,M5
960,1742538025,2025-03-21 14:05:00,-3.6144578,60,1742537100,1299.HK,M5
961,1742538025,2025-03-21 14:05:23,-1.85075,164.4,1742537123,9618.HK,M5
962,1742538025,2025-03-21 14:18:00,-2.0806499,84120.43,1742537880,BTC-USD,M5
963,1742538025,2025-03-21 14:19:00,-2.4325879,1969.4801,1742537940,ETH-USD,M5
964,1742538320,2025-03-21 14:10:18,-2.3099134,507.5,1742537418,0700.HK,M5
965,1742538320,2025-03-21 14:10:18,-3.5424378,130.7,1742537418,9988.HK,M5
966,1742538320,2025-03-21 14:10:16,0.9580875,84.3,1742537416,0941.HK,M5
967,1742538320,2025-03-21 14:10:16,-0.14493085,6.89,1742537416,0939.HK,M5
968,1742538320,2025-03-21 14:10:03,-1.2806252,88.65,1742537403,0005.HK,M5
969,1742538320,2025-03-21 14:10:18,-3.7168114,54.4,1742537418,1810.HK,M5
970,1742538320,2025-03-21 14:10:18,-1.130285,166.2,1742537418,3690.HK,M5
971,1742538320,2025-03-21 14:10:14,-0.107993826,18.5,1742537414,0883.HK,M5
972,1742538320,2025-03-21 14:10:18,-3.5341377,60.05,1742537418,1299.HK,M5
973,1742538320,2025-03-21 14:10:17,-1.6119385,164.8,1742537417,9618.HK,M5
974,1742538320,2025-03-21 14:23:00,-2.1412625,84153.01,1742538180,BTC-USD,M5
975,1742538320,2025-03-21 14:24:00,-2.3766193,1973.3259,1742538240,ETH-USD,M5
976,1742538620,2025-03-21 14:15:19,-2.3099134,507.5,1742537719,0700.HK,M5
977,1742538620,2025-03-21 14:15:18,-3.5424378,130.7,1742537718,9988.HK,M5
978,1742538620,2025-03-21 14:15:07,0.8383197,84.2,1742537707,0941.HK,M5
979,1742538620,2025-03-21 14:15:19,-0.14493085,6.89,1742537719,0939.HK,M5
980,1742538620,2025-03-21 14:15:07,-1.2806252,88.65,1742537707,0005.HK,M5
981,1742538620,2025-03-21 14:15:19,-3.8053124,54.35,1742537719,1810.HK,M5
982,1742538620,2025-03-21 14:15:18,-1.368235,165.8,1742537718,3690.HK,M5
983,1742538620,2025-03-21 14:15:19,-0.3239815,18.46,1742537719,0883.HK,M5
984,1742538620,2025-03-21 14:15:16,-3.5341377,60.05,1742537716,1299.HK,M5
985,1742538620,2025-03-21 14:15:16,-1.7910448,164.5,1742537716,9618.HK,M5
986,1742538620,2025-03-21 14:28:00,-2.0980003,84150.484,1742538480,BTC-USD,M5
987,1742538620,2025-03-21 14:29:00,-2.1088622,1974.9556,1742538540,ETH-USD,M5
988,1742538935,2025-03-21 14:20:34,-2.0211742,509,1742538034,0700.HK,M5
989,1742538935,2025-03-21 14:20:33,-3.247228,131.1,1742538033,9988.HK,M5
990,1742538935,2025-03-21 14:20:29,0.8982036,84.25,1742538029,0941.HK,M5
991,1742538935,2025-03-21 14:20:28,-0.14493085,6.89,1742538028,0939.HK,M5
992,1742538935,2025-03-21 14:20:28,-1.224951,88.7,1742538028,0005.HK,M5
993,1742538935,2025-03-21 14:20:34,-3.539823,54.5,1742538034,1810.HK,M5
994,1742538935,2025-03-21 14:20:33,-1.0707929,166.3,1742538033,3690.HK,M5
995,1742538935,2025-03-21 14:20:32,-0.21598765,18.48,1742538032,0883.HK,M5
996,1742538935,2025-03-21 14:20:32,-3.3734915,60.15,1742538032,1299.HK,M5
997,1742538935,2025-03-21 14:20:27,-1.7910448,164.5,1742538027,9618.HK,M5
998,1742538935,2025-03-21 14:34:00,-2.018176,84108.89,1742538840,BTC-USD,M5
999,1742538935,2025-03-21 14:34:00,-2.0383234,1974.0458,1742538840,ETH-USD,M5
1000,1742539520,2025-03-21 14:30:17,-1.732435,510.5,1742538617,0700.HK,M5
1001,1742539520,2025-03-21 14:30:16,-2.9520295,131.5,1742538616,9988.HK,M5
1002,1742539520,2025-03-21 14:30:14,0.9580875,84.3,1742538614,0941.HK,M5
1003,1742539520,2025-03-21 14:30:18,0.14492394,6.91,1742538618,0939.HK,M5
1004,1742539520,2025-03-21 14:30:12,-1.1692684,88.75,1742538612,0005.HK,M5
1005,1742539520,2025-03-21 14:30:18,-3.1858394,54.7,1742538618,1810.HK,M5
1006,1742539520,2025-03-21 14:30:18,-0.53540105,167.2,1742538618,3690.HK,M5
1007,1742539520,2025-03-21 14:30:18,-0.21598765,18.48,1742538618,0883.HK,M5
1008,1742539520,2025-03-21 14:30:00,-3.2128515,60.25,1742538600,1299.HK,M5
1009,1742539520,2025-03-21 14:30:18,-1.6716436,164.7,1742538618,9618.HK,M5
1010,1742539520,2025-03-21 14:44:00,-1.7181168,84195.5,1742539440,BTC-USD,M5
1011,1742539520,2025-03-21 14:44:00,-1.6478026,1975.6412,1742539440,ETH-USD,M5
1012,1742539825,2025-03-21 14:35:24,-1.5399423,511.5,1742538924,0700.HK,M5
1013,1742539825,2025-03-21 14:35:24,-2.7306252,131.8,1742538924,9988.HK,M5
1014,1742539825,2025-03-21 14:35:13,1.0778462,84.4,1742538913,0941.HK,M5
1015,1742539825,2025-03-21 14:35:20,0,6.9,1742538920,0939.HK,M5
1016,1742539825,2025-03-21 14:35:13,-1.1692684,88.75,1742538913,0005.HK,M5
1017,1742539825,2025-03-21 14:35:23,-2.8318558,54.9,1742538923,1810.HK,M5
1018,1742539825,2025-03-21 14:35:24,-0.53540105,167.2,1742538924,3690.HK,M5
1019,1742539825,2025-03-21 14:35:21,-0.107993826,18.5,1742538921,0883.HK,M5
1020,1742539825,2025-03-21 14:35:21,-3.2128515,60.25,1742538921,1299.HK,M5
1021,1742539825,2025-03-21 14:35:15,-1.6716436,164.7,1742538915,9618.HK,M5
1022,1742539825,2025-03-21 14:47:00,-1.7617964,84207.78,1742539620,BTC-USD,M5
1023,1742539825,2025-03-21 14:47:00,-1.8901081,1974.1335,1742539620,ETH-USD,M5
1024,1742540125,2025-03-21 14:40:23,-1.3474494,512.5,1742539223,0700.HK,M5
1025,1742540125,2025-03-21 14:40:24,-2.5092206,132.1,1742539224,9988.HK,M5
1026,1742540125,2025-03-21 14:40:22,1.137721,84.45,1742539222,0941.HK,M5
1027,1742540125,2025-03-21 14:40:23,0.14492394,6.91,1742539223,0939.HK,M5
1028,1742540125,2025-03-21 14:40:08,-1.2806252,88.65,1742539208,0005.HK,M5
1029,1742540125,2025-03-21 14:40:23,-2.6548672,55,1742539223,1810.HK,M5
1030,1742540125,2025-03-21 14:40:22,-0.178467,167.8,1742539222,3690.HK,M5
1031,1742540125,2025-03-21 14:40:20,-0.21598765,18.48,1742539220,0883.HK,M5
1032,1742540125,2025-03-21 14:40:00,-3.0522113,60.35,1742539200,1299.HK,M5
1033,1742540125,2025-03-21 14:40:22,-1.6119385,164.8,1742539222,9618.HK,M5
1034,1742540125,2025-03-21 14:53:00,-1.9305315,84114.086,1742539980,BTC-USD,M5
1035,1742540125,2025-03-21 14:54:00,-2.1328294,1970.4502,1742540040,ETH-USD,M5
1036,1742540420,2025-03-21 14:45:16,-1.3474494,512.5,1742539516,0700.HK,M5
1037,1742540420,2025-03-21 14:45:17,-2.656831,131.9,1742539517,9988.HK,M5
1038,1742540420,2025-03-21 14:45:12,1.137721,84.45,1742539512,0941.HK,M5
1039,1742540420,2025-03-21 14:45:16,0.14492394,6.91,1742539516,0939.HK,M5
1040,1742540420,2025-03-21 14:45:04,-1.2806252,88.65,1742539504,0005.HK,M5
1041,1742540420,2025-03-21 14:45:16,-2.9203568,54.85,1742539516,1810.HK,M5
1042,1742540420,2025-03-21 14:45:17,0.297442,168.6,1742539517,3690.HK,M5
1043,1742540420,2025-03-21 14:45:17,-0.3239815,18.46,1742539517,0883.HK,M5
1044,1742540420,2025-03-21 14:45:15,-2.891565,60.45,1742539515,1299.HK,M5
1045,1742540420,2025-03-21 14:45:10,-1.6119385,164.8,1742539510,9618.HK,M5
1046,1742540420,2025-03-21 14:57:00,-1.904205,84150.03,1742540220,BTC-USD,M5
1047,1742540420,2025-03-21 14:58:00,-2.123576,1971.6404,1742540280,ETH-USD,M5
1048,1742540720,2025-03-21 14:50:18,-1.6361886,511,1742539818,0700.HK,M5
1049,1742540720,2025-03-21 14:50:18,-2.9520295,131.5,1742539818,9988.HK,M5
1050,1742540720,2025-03-21 14:50:17,0.9580875,84.3,1742539817,0941.HK,M5
1051,1742540720,2025-03-21 14:50:16,0.14492394,6.91,1742539816,0939.HK,M5
1052,1742540720,2025-03-21 14:50:14,-1.336308,88.6,1742539814,0005.HK,M5
1053,1742540720,2025-03-21 14:50:18,-3.097345,54.75,1742539818,1810.HK,M5
1054,1742540720,2025-03-21 14:50:18,0.118974976,168.3,1742539818,3690.HK,M5
1055,1742540720,2025-03-21 14:50:17,-0.3239815,18.46,1742539817,0883.HK,M5
1056,1742540720,2025-03-21 14:50:16,-3.0522113,60.35,1742539816,1299.HK,M5
1057,1742540720,2025-03-21 14:50:18,-1.9104459,164.3,1742539818,9618.HK,M5
1058,1742540720,2025-03-21 15:04:00,-1.922974,84162.32,1742540640,BTC-USD,M5
1059,1742540720,2025-03-21 15:04:00,-2.1104493,1970.7854,1742540640,ETH-USD,M5
1060,1742541040,2025-03-21 14:55:38,-1.5399423,511.5,1742540138,0700.HK,M5
1061,1742541040,2025-03-21 14:55:38,-2.7306252,131.8,1742540138,9988.HK,M5
1062,1742541040,2025-03-21 14:54:59,1.0179622,84.35,1742540099,0941.HK,M5
1063,1742541040,2025-03-21 14:55:25,0.14492394,6.91,1742540125,0939.HK,M5
1064,1742541040,2025-03-21 14:55:38,-1.3919821,88.55,1742540138,0005.HK,M5
1065,1742541040,2025-03-21 14:55:38,-3.0088508,54.8,1742540138,1810.HK,M5
1066,1742541040,2025-03-21 14:55:39,0.5353919,169,1742540139,3690.HK,M5
1067,1742541040,2025-03-21 14:55:38,-0.21598765,18.48,1742540138,0883.HK,M5
1068,1742541040,2025-03-21 14:55:31,-2.891565,60.45,1742540131,1299.HK,M5
1069,1742541040,2025-03-21 14:55:37,-1.6716436,164.7,1742540137,9618.HK,M5
1070,1742541040,2025-03-21 15:08:00,-1.9905015,84078.56,1742540880,BTC-USD,M5
1071,1742541040,2025-03-21 15:09:00,-2.1702023,1968.6006,1742540940,ETH-USD,M5
1072,1742541320,2025-03-21 15:00:18,-1.6361886,511,1742540418,0700.HK,M5
1073,1742541320,2025-03-21 15:00:18,-2.8782244,131.6,1742540418,9988.HK,M5
1074,1742541320,2025-03-21 15:00:18,1.0778462,84.4,1742540418,0941.HK,M5
1075,1742541320,2025-03-21 15:00:18,0.14492394,6.91,1742540418,0939.HK,M5
1076,1742541320,2025-03-21 15:00:17,-1.336308,88.6,1742540417,0005.HK,M5
1077,1742541320,2025-03-21 15:00:18,-3.1858394,54.7,1742540418,1810.HK,M5
1078,1742541320,2025-03-21 15:00:18,-0.178467,167.8,1742540418,3690.HK,M5
1079,1742541320,2025-03-21 15:00:00,-0.107993826,18.5,1742540400,0883.HK,M5
1080,1742541320,2025-03-21 15:00:15,-2.9718852,60.4,1742540415,1299.HK,M5
1081,1742541320,2025-03-21 15:00:12,-1.85075,164.4,1742540412,9618.HK,M5
1082,1742541320,2025-03-21 15:13:00,-2.1019576,84117.984,1742541180,BTC-USD,M5
1083,1742541320,2025-03-21 15:14:00,-2.136468,1971.6357,1742541240,ETH-USD,M5
1084,1742541620,2025-03-21 15:05:18,-1.1549567,513.5,1742540718,0700.HK,M5
1085,1742541620,2025-03-21 15:05:17,-2.583026,132,1742540717,9988.HK,M5
1086,1742541620,2025-03-21 15:05:12,1.1976048,84.5,1742540712,0941.HK,M5
1087,1742541620,2025-03-21 15:05:10,0.2898548,6.92,1742540710,0939.HK,M5
1088,1742541620,2025-03-21 15:05:16,-1.336308,88.6,1742540716,0005.HK,M5
1089,1742541620,2025-03-21 15:05:18,-2.6548672,55,1742540718,1810.HK,M5
1090,1742541620,2025-03-21 15:05:18,0.594884,169.1,1742540718,3690.HK,M5
1091,1742541620,2025-03-21 15:05:14,0.107993826,18.54,1742540714,0883.HK,M5
1092,1742541620,2025-03-21 15:05:15,-2.891565,60.45,1742540715,1299.HK,M5
1093,1742541620,2025-03-21 15:05:14,-1.253735,165.4,1742540714,9618.HK,M5
1094,1742541620,2025-03-21 15:18:00,-2.247636,83997.71,1742541480,BTC-USD,M5
1095,1742541620,2025-03-21 15:19:00,-2.3239567,1967.5287,1742541540,ETH-USD,M5
1096,1742541925,2025-03-21 15:10:22,-1.1549567,513.5,1742541022,0700.HK,M5
1097,1742541925,2025-03-21 15:10:22,-2.5092206,132.1,1742541022,9988.HK,M5
1098,1742541925,2025-03-21 15:10:21,1.2574887,84.55,1742541021,0941.HK,M5
1099,1742541925,2025-03-21 15:10:12,0.14492394,6.91,1742541012,0939.HK,M5
1100,1742541925,2025-03-21 15:10:19,-1.3919821,88.55,1742541019,0005.HK,M5
1101,1742541925,2025-03-21 15:10:23,-2.2123895,55.25,1742541023,1810.HK,M5
1102,1742541925,2025-03-21 15:10:24,0.7733419,169.4,1742541024,3690.HK,M5
1103,1742541925,2025-03-21 15:10:23,-0.107993826,18.5,1742541023,0883.HK,M5
1104,1742541925,2025-03-21 15:10:23,-2.891565,60.45,1742541023,1299.HK,M5
1105,1742541925,2025-03-21 15:10:21,-1.3731362,165.2,1742541021,9618.HK,M5
1106,1742541925,2025-03-21 15:23:00,-2.2363083,83958.125,1742541780,BTC-USD,M5
1107,1742541925,2025-03-21 15:24:00,-2.101998,1968.357,1742541840,ETH-USD,M5
1108,1742542220,2025-03-21 15:15:19,-1.4436959,512,1742541319,0700.HK,M5
1109,1742542220,2025-03-21 15:15:18,-2.656831,131.9,1742541318,9988.HK,M5
1110,1742542220,2025-03-21 15:15:16,1.1976048,84.5,1742541316,0941.HK,M5
1111,1742542220,2025-03-21 15:15:18,0.2898548,6.92,1742541318,0939.HK,M5
1112,1742542220,2025-03-21 15:15:17,-1.4476649,88.5,1742541317,0005.HK,M5
1113,1742542220,2025-03-21 15:15:18,-2.3008835,55.2,1742541318,1810.HK,M5
1114,1742542220,2025-03-21 15:15:19,0.41641697,168.8,1742541319,3690.HK,M5
1115,1742542220,2025-03-21 15:15:15,0.107993826,18.54,1742541315,0883.HK,M5
1116,1742542220,2025-03-21 15:15:17,-2.811245,60.5,1742541317,1299.HK,M5
1117,1742542220,2025-03-21 15:15:14,-1.7313397,164.6,1742541314,9618.HK,M5
1118,1742542220,2025-03-21 15:29:00,-2.1352146,84018.5,1742542140,BTC-USD,M5
1119,1742542220,2025-03-21 15:29:00,-1.9555036,1970.503,1742542140,ETH-USD,M5
1120,1742542555,2025-03-21 15:20:51,-1.6361886,511,1742541651,0700.HK,M5
1121,1742542555,2025-03-21 15:20:53,-3.0996287,131.3,1742541653,9988.HK,M5
1122,1742542555,2025-03-21 15:20:49,1.2574887,84.55,1742541649,0941.HK,M5
1123,1742542555,2025-03-21 15:20:53,0.2898548,6.92,1742541653,0939.HK,M5
1124,1742542555,2025-03-21 15:20:42,-1.4476649,88.5,1742541642,0005.HK,M5
1125,1742542555,2025-03-21 15:20:53,-2.7433615,54.95,1742541653,1810.HK,M5
1126,1742542555,2025-03-21 15:20:54,0.35692495,168.7,1742541654,3690.HK,M5
1127,1742542555,2025-03-21 15:20:52,0,18.52,1742541652,0883.HK,M5
1128,1742542555,2025-03-21 15:20:53,-2.891565,60.45,1742541653,1299.HK,M5
1129,1742542555,2025-03-21 15:20:45,-1.7313397,164.6,1742541645,9618.HK,M5
1130,1742542555,2025-03-21 15:33:00,-2.1899917,83990.664,1742542380,BTC-USD,M5
1131,1742542555,2025-03-21 15:34:00,-1.9076508,1970.4163,1742542440,ETH-USD,M5
1132,1742542820,2025-03-21 15:25:18,-1.8286815,510,1742541918,0700.HK,M5
1133,1742542820,2025-03-21 15:25:19,-3.173434,131.2,1742541919,9988.HK,M5
1134,1742542820,2025-03-21 15:25:15,1.1976048,84.5,1742541915,0941.HK,M5
1135,1742542820,2025-03-21 15:25:17,0.2898548,6.92,1742541917,0939.HK,M5
1136,1742542820,2025-03-21 15:24:26,-1.5033475,88.45,1742541866,0005.HK,M5
1137,1742542820,2025-03-21 15:25:19,-2.7433615,54.95,1742541919,1810.HK,M5
1138,1742542820,2025-03-21 15:25:14,0.297442,168.6,1742541914,3690.HK,M5
1139,1742542820,2025-03-21 15:25:15,0,18.52,1742541915,0883.HK,M5
1140,1742542820,2025-03-21 15:25:15,-3.0522113,60.35,1742541915,1299.HK,M5
1141,1742542820,2025-03-21 15:25:16,-1.7313397,164.6,1742541916,9618.HK,M5
1142,1742542820,2025-03-21 15:39:00,-2.2892087,83884.26,1742542740,BTC-USD,M5
1143,1742542820,2025-03-21 15:39:00,-1.8908372,1969.4696,1742542740,ETH-USD,M5
1144,1742543120,2025-03-21 15:30:19,-1.732435,510.5,1742542219,0700.HK,M5
1145,1742543120,2025-03-21 15:30:18,-3.0258348,131.4,1742542218,9988.HK,M5
1146,1742543120,2025-03-21 15:30:15,1.137721,84.45,1742542215,0941.HK,M5
1147,1742543120,2025-03-21 15:30:18,0.2898548,6.92,1742542218,0939.HK,M5
1148,1742543120,2025-03-21 15:30:17,-1.4476649,88.5,1742542217,0005.HK,M5
1149,1742543120,2025-03-21 15:30:18,-2.6548672,55,1742542218,1810.HK,M5
1150,1742543120,2025-03-21 15:30:16,0.118974976,168.3,1742542216,3690.HK,M5
1151,1742543120,2025-03-21 15:30:14,0,18.52,1742542214,0883.HK,M5
1152,1742543120,2025-03-21 15:30:17,-2.891565,60.45,1742542217,1299.HK,M5
1153,1742543120,2025-03-21 15:30:16,-1.6716436,164.7,1742542216,9618.HK,M5
1154,1742543120,2025-03-21 15:43:00,-2.3062007,83826.42,1742542980,BTC-USD,M5
1155,1742543120,2025-03-21 15:44:00,-1.9629768,1969.7549,1742543040,ETH-USD,M5
1156,1742543420,2025-03-21 15:35:18,-1.732435,510.5,1742542518,0700.HK,M5
1157,1742543420,2025-03-21 15:35:18,-3.0996287,131.3,1742542518,9988.HK,M5
1158,1742543420,2025-03-21 15:35:14,1.1976048,84.5,1742542514,0941.HK,M5
1159,1742543420,2025-03-21 15:35:18,0.2898548,6.92,1742542518,0939.HK,M5
1160,1742543420,2025-03-21 15:35:19,-1.4476649,88.5,1742542519,0005.HK,M5
1161,1742543420,2025-03-21 15:35:18,-3.0088508,54.8,1742542518,1810.HK,M5
1162,1742543420,2025-03-21 15:35:19,-0.05949203,168,1742542519,3690.HK,M5
1163,1742543420,2025-03-21 15:35:10,0.21597736,18.56,1742542510,0883.HK,M5
1164,1742543420,2025-03-21 15:35:18,-2.891565,60.45,1742542518,1299.HK,M5
1165,1742543420,2025-03-21 15:35:12,-1.85075,164.4,1742542512,9618.HK,M5
1166,1742543420,2025-03-21 15:49:00,-2.3539023,83827.875,1742543340,BTC-USD,M5
1167,1742543420,2025-03-21 15:49:00,-1.8325027,1973.3809,1742543340,ETH-USD,M5
1168,1742543720,2025-03-21 15:40:19,-1.8286815,510,1742542819,0700.HK,M5
1169,1742543720,2025-03-21 15:40:19,-3.4686325,130.8,1742542819,9988.HK,M5
1170,1742543720,2025-03-21 15:40:18,1.0179622,84.35,1742542818,0941.HK,M5
1171,1742543720,2025-03-21 15:40:15,0.14492394,6.91,1742542815,0939.HK,M5
1172,1742543720,2025-03-21 15:40:18,-1.3919821,88.55,1742542818,0005.HK,M5
1173,1742543720,2025-03-21 15:40:18,-3.097345,54.75,1742542818,1810.HK,M5
1174,1742543720,2025-03-21 15:40:19,-0.356934,167.5,1742542819,3690.HK,M5
1175,1742543720,2025-03-21 15:40:18,0.21597736,18.56,1742542818,0883.HK,M5
1176,1742543720,2025-03-21 15:40:19,-3.0522113,60.35,1742542819,1299.HK,M5
1177,1742543720,2025-03-21 15:40:15,-2.2686586,163.7,1742542815,9618.HK,M5
1178,1742543720,2025-03-21 15:54:00,-2.2883923,83898.28,1742543640,BTC-USD,M5
1179,1742543720,2025-03-21 15:54:00,-1.7715237,1974.9534,1742543640,ETH-USD,M5
1180,1742544030,2025-03-21 15:45:29,-2.0211742,509,1742543129,0700.HK,M5
1181,1742544030,2025-03-21 15:45:27,-3.4686325,130.8,1742543127,9988.HK,M5
1182,1742544030,2025-03-21 15:45:25,1.0179622,84.35,1742543125,0941.HK,M5
1183,1742544030,2025-03-21 15:45:29,0.14492394,6.91,1742543129,0939.HK,M5
1184,1742544030,2025-03-21 15:45:27,-1.224951,88.7,1742543127,0005.HK,M5
1185,1742544030,2025-03-21 15:45:29,-3.3628345,54.6,1742543129,1810.HK,M5
1186,1742544030,2025-03-21 15:45:28,-0.41642603,167.4,1742543128,3690.HK,M5
1187,1742544030,2025-03-21 15:45:28,0.21597736,18.56,1742543128,0883.HK,M5
1188,1742544030,2025-03-21 15:45:22,-2.7309248,60.55,1742543122,1299.HK,M5
1189,1742544030,2025-03-21 15:45:28,-2.3283546,163.6,1742543128,9618.HK,M5
1190,1742544030,2025-03-21 15:59:00,-2.286184,83877.89,1742543940,BTC-USD,M5
1191,1742544030,2025-03-21 15:59:00,-1.670182,1975.4701,1742543940,ETH-USD,M5
1192,1742544320,2025-03-21 15:50:18,-1.8286815,510,1742543418,0700.HK,M5
1193,1742544320,2025-03-21 15:50:18,-3.3210332,131,1742543418,9988.HK,M5
1194,1742544320,2025-03-21 15:50:15,0.47904375,83.9,1742543415,0941.HK,M5
1195,1742544320,2025-03-21 15:50:17,0,6.9,1742543417,0939.HK,M5
1196,1742544320,2025-03-21 15:50:16,-1.1692684,88.75,1742543416,0005.HK,M5
1197,1742544320,2025-03-21 15:50:18,-3.3628345,54.6,1742543418,1810.HK,M5
1198,1742544320,2025-03-21 15:50:17,-0.356934,167.5,1742543417,3690.HK,M5
1199,1742544320,2025-03-21 15:50:19,0.32397118,18.58,1742543419,0883.HK,M5
1200,1742544320,2025-03-21 15:50:15,-2.811245,60.5,1742543415,1299.HK,M5
1201,1742544320,2025-03-21 15:50:17,-2.4477649,163.4,1742543417,9618.HK,M5
1202,1742544320,2025-03-21 16:04:00,-2.2024624,83964.94,1742544240,BTC-USD,M5
1203,1742544320,2025-03-21 16:04:00,-1.5265346,1978.2899,1742544240,ETH-USD,M5
1204,1742544620,2025-03-21 15:55:19,-1.8286815,510,1742543719,0700.HK,M5
1205,1742544620,2025-03-21 15:55:19,-3.4686322,130.8,1742543719,9988.HK,M5
1206,1742544620,2025-03-21 15:55:17,0.41915983,83.85,1742543717,0941.HK,M5
1207,1742544620,2025-03-21 15:55:18,0.14492394,6.91,1742543718,0939.HK,M5
1208,1742544620,2025-03-21 15:55:18,-1.3919821,88.55,1742543718,0005.HK,M5
1209,1742544620,2025-03-21 15:55:19,-3.6283174,54.45,1742543719,1810.HK,M5
1210,1742544620,2025-03-21 15:55:19,-0.41642603,167.4,1742543719,3690.HK,M5
1211,1742544620,2025-03-21 15:55:18,0.21597736,18.56,1742543718,0883.HK,M5
1212,1742544620,2025-03-21 15:55:16,-2.730925,60.55,1742543716,1299.HK,M5
1213,1742544620,2025-03-21 15:55:18,-2.6865673,163,1742543718,9618.HK,M5
1214,1742544620,2025-03-21 16:08:00,-2.0133882,84045.945,1742544480,BTC-USD,M5
1215,1742544620,2025-03-21 16:09:00,-1.3402363,1978.3795,1742544540,ETH-USD,M5
1216,1742544920,2025-03-21 15:59:59,-1.6361886,511,1742543999,0700.HK,M5
1217,1742544920,2025-03-21 15:59:59,-3.5424378,130.7,1742543999,9988.HK,M5
1218,1742544920,2025-03-21 15:59:58,0.2395173,83.7,1742543998,0941.HK,M5
1219,1742544920,2025-03-21 15:59:59,0,6.9,1742543999,0939.HK,M5
1220,1742544920,2025-03-21 15:59:53,-1.3363079,88.6,1742543993,0005.HK,M5
1221,1742544920,2025-03-21 15:59:59,-3.7168117,54.4,1742543999,1810.HK,M5
1222,1742544920,2025-03-21 15:59:59,-0.23795904,167.7,1742543999,3690.HK,M5
1223,1742544920,2025-03-21 15:59:59,0,18.52,1742543999,0883.HK,M5
1224,1742544920,2025-03-21 15:59:59,-2.811245,60.5,1742543999,1299.HK,M5
1225,1742544920,2025-03-21 15:59:57,-2.6865673,163,1742543997,9618.HK,M5
1226,1742544920,2025-03-21 16:13:00,-1.9726051,84033.42,1742544780,BTC-USD,M5
1227,1742544920,2025-03-21 16:14:00,-1.5016196,1975.0046,1742544840,ETH-USD,M5
1228,1742545220,2025-03-21 16:18:00,-2.0933368,84000.07,1742545080,BTC-USD,M5
1229,1742545220,2025-03-21 16:19:00,-1.7273135,1972.9866,1742545140,ETH-USD,M5
1230,1742545520,2025-03-21 16:08:21,-1.5399423,511.5,1742544501,0700.HK,M5
1231,1742545520,2025-03-21 16:08:22,-3.5424378,130.7,1742544502,9988.HK,M5
1232,1742545520,2025-03-21 16:08:21,0.059883896,83.55,1742544501,0941.HK,M5
1233,1742545520,2025-03-21 16:08:21,-0.43478566,6.87,1742544501,0939.HK,M5
1234,1742545520,2025-03-21 16:08:21,-1.3363079,88.6,1742544501,0005.HK,M5
1235,1742545520,2025-03-21 16:08:21,-3.1858392,54.7,1742544501,1810.HK,M5
1236,1742545520,2025-03-21 16:08:21,-0.297442,167.6,1742544501,3690.HK,M5
1237,1742545520,2025-03-21 16:08:21,-0.107993826,18.5,1742544501,0883.HK,M5
1238,1742545520,2025-03-21 16:08:21,-2.811245,60.5,1742544501,1299.HK,M5
1239,1742545520,2025-03-21 16:08:21,-2.7462723,162.9,1742544501,9618.HK,M5
1240,1742545520,2025-03-21 16:24:00,-2.4567537,83812.19,1742545440,BTC-USD,M5
1241,1742545520,2025-03-21 16:24:00,-2.0978956,1968.7252,1742545440,ETH-USD,M5
1242,1742545820,2025-03-21 16:29:00,-2.5133026,83801.06,1742545740,BTC-USD,M5
1243,1742545820,2025-03-21 16:29:00,-2.165982,1968.9852,1742545740,ETH-USD,M5
1244,1742546125,2025-03-21 16:33:00,-2.4599652,83770.625,1742545980,BTC-USD,M5
1245,1742546125,2025-03-21 16:33:00,-2.1864042,1967.6191,1742545980,ETH-USD,M5
1246,1742546420,2025-03-21 16:39:00,-2.57195,83794.836,1742546340,BTC-USD,M5
1247,1742546420,2025-03-21 16:39:00,-2.381772,1967.8982,1742546340,ETH-USD,M5
1248,1742546725,2025-03-21 16:44:00,-2.5058055,83884.96,1742546640,BTC-USD,M5
1249,1742546725,2025-03-21 16:44:00,-2.2523932,1969.4618,1742546640,ETH-USD,M5
1250,1742547020,2025-03-21 16:49:00,-2.7118053,83873.42,1742546940,BTC-USD,M5
1251,1742547020,2025-03-21 16:49:00,-2.3177176,1970.3469,1742546940,ETH-USD,M5
1252,1742547320,2025-03-21 16:54:00,-2.7254672,83882.95,1742547240,BTC-USD,M5
1253,1742547320,2025-03-21 16:54:00,-2.2759426,1971.2408,1742547240,ETH-USD,M5
1254,1742547620,2025-03-21 16:59:00,-2.6617157,83972.305,1742547540,BTC-USD,M5
1255,1742547620,2025-03-21 16:59:00,-2.3221893,1973.7911,1742547540,ETH-USD,M5
1256,1742547920,2025-03-21 17:04:00,-2.671449,83918.41,1742547840,BTC-USD,M5
1257,1742547920,2025-03-21 17:04:00,-2.1957657,1972.0809,1742547840,ETH-USD,M5
1258,1742548220,2025-03-21 17:08:00,-2.7506552,83832.64,1742548080,BTC-USD,M5
1259,1742548220,2025-03-21 17:09:00,-2.3581243,1968.8671,1742548140,ETH-USD,M5
1260,1742548520,2025-03-21 17:13:00,-2.6707308,83844.03,1742548380,BTC-USD,M5
1261,1742548520,2025-03-21 17:14:00,-2.147169,1971.2394,1742548440,ETH-USD,M5
1262,1742548820,2025-03-21 17:18:00,-2.4736779,83923.57,1742548680,BTC-USD,M5
1263,1742548820,2025-03-21 17:19:00,-1.8967519,1972.4784,1742548740,ETH-USD,M5
1264,1742549120,2025-03-21 17:24:00,-2.3764184,84025.65,1742549040,BTC-USD,M5
1265,1742549120,2025-03-21 17:24:00,-1.7383,1976.9672,1742549040,ETH-USD,M5
1266,1742549420,2025-03-21 17:29:00,-2.17571,84130.84,1742549340,BTC-USD,M5
1267,1742549420,2025-03-21 17:29:00,-1.6140587,1976.771,1742549340,ETH-USD,M5
1268,1742549720,2025-03-21 17:34:00,-2.14574,84148.28,1742549640,BTC-USD,M5
1269,1742549720,2025-03-21 17:34:00,-1.5808392,1977.0406,1742549640,ETH-USD,M5
1270,1742550055,2025-03-21 17:39:00,-2.0512462,84238.32,1742549940,BTC-USD,M5
1271,1742550055,2025-03-21 17:39:00,-1.5738205,1977.4375,1742549940,ETH-USD,M5
1272,1742550320,2025-03-21 17:43:00,-2.0473375,84223.26,1742550180,BTC-USD,M5
1273,1742550320,2025-03-21 17:44:00,-1.7710104,1974.3047,1742550240,ETH-USD,M5
1274,1742550620,2025-03-21 17:48:00,-2.1600327,84122.26,1742550480,BTC-USD,M5
1275,1742550620,2025-03-21 17:49:00,-1.9760861,1969.9932,1742550540,ETH-USD,M5
1276,1742550920,2025-03-21 17:54:00,-2.1175106,84110.13,1742550840,BTC-USD,M5
1277,1742550920,2025-03-21 17:54:00,-1.8850912,1969.4028,1742550840,ETH-USD,M5
1278,1742551220,2025-03-21 17:57:00,-2.0878224,84044.164,1742551020,BTC-USD,M5
1279,1742551220,2025-03-21 17:58:00,-1.8076541,1968.1578,1742551080,ETH-USD,M5
1280,1742551535,2025-03-21 18:04:00,-2.0777833,84107.72,1742551440,BTC-USD,M5
1281,1742551535,2025-03-21 18:04:00,-1.827044,1967.7599,1742551440,ETH-USD,M5
1282,1742551825,2025-03-21 18:09:00,-1.8646518,84202.2,1742551740,BTC-USD,M5
1283,1742551825,2025-03-21 18:09:00,-1.5507913,1971.3298,1742551740,ETH-USD,M5
1284,1742552120,2025-03-21 18:14:00,-1.624405,84171.28,1742552040,BTC-USD,M5
1285,1742552120,2025-03-21 18:14:00,-1.1214001,1968.1063,1742552040,ETH-USD,M5
1286,1742552420,2025-03-21 18:18:00,-1.1917552,84194.71,1742552280,BTC-USD,M5
1287,1742552420,2025-03-21 18:19:00,-0.7120668,1964.9222,1742552340,ETH-USD,M5
