"id","api_datetime","ask","bid","market_date_time","regular_market_change_percent","regular_market_price","regular_market_time","symbol","type"
"1","1741925715","356.4","356.2","2025-03-14 11:59:59","3.4282358","356","1741924799","0388.HK","M5"
"2","1741925715","527.5","527","2025-03-14 11:59:59","3.8423645","527","1741924799","0700.HK","M5"
"3","1741925715","85.8","85.75","2025-03-14 11:59:52","0.17513312","85.8","1741924792","0005.HK","M5"
"4","1741929312","356.2","356","2025-03-14 13:00:11","3.5444455","356.4","1741928411","0388.HK","M5"
"5","1741929312","527.5","527","2025-03-14 13:00:11","4.236453","529","1741928411","0700.HK","M5"
"6","1741929312","85.85","85.75","2025-03-14 13:00:11","0.17513312","85.8","1741928411","0005.HK","M5"
"7","1741929610","356.8","356.6","2025-03-14 13:05:07","3.6025548","356.6","1741928707","0388.HK","M5"
"8","1741929610","529","528.5","2025-03-14 13:05:06","4.137931","528.5","1741928706","0700.HK","M5"
"9","1741929610","85.65","85.6","2025-03-14 13:05:09","0","85.65","1741928709","0005.HK","M5"
"10","1741929910","355.4","355.2","2025-03-14 13:10:08","3.2539167","355.4","1741929008","0388.HK","M5"
"11","1741929910","526.5","526","2025-03-14 13:10:07","3.6453202","526","1741929007","0700.HK","M5"
"12","1741929910","85.65","85.6","2025-03-14 13:10:01","0","85.65","1741929001","0005.HK","M5"
"13","1741930212","354.2","354","2025-03-14 13:15:11","3.0214972","354.6","1741929311","0388.HK","M5"
"14","1741930212","525","524.5","2025-03-14 13:15:07","3.4482758","525","1741929307","0700.HK","M5"
"15","1741930212","85.6","85.55","2025-03-14 13:15:00","-0.116752446","85.55","1741929300","0005.HK","M5"
"16","1741930510","354.6","354.4","2025-03-14 13:20:04","3.0214972","354.6","1741929604","0388.HK","M5"
"17","1741930510","526.5","526","2025-03-14 13:20:08","3.6453202","526","1741929608","0700.HK","M5"
"18","1741930510","85.6","85.55","2025-03-14 13:20:00","-0.05838068","85.6","1741929600","0005.HK","M5"
"19","1741930810","353","352.6","2025-03-14 13:25:08","2.4404397","352.6","1741929908","0388.HK","M5"
"20","1741930810","523.5","522.5","2025-03-14 13:25:08","2.955665","522.5","1741929908","0700.HK","M5"
"21","1741930810","85.55","85.5","2025-03-14 13:25:00","-0.116752446","85.55","1741929900","0005.HK","M5"
"22","1741931110","353","352.8","2025-03-14 13:30:06","2.4404397","352.6","1741930206","0388.HK","M5"
"23","1741931110","524","523.5","2025-03-14 13:30:08","3.1527092","523.5","1741930208","0700.HK","M5"
"24","1741931110","85.5","85.45","2025-03-14 13:30:01","-0.17513312","85.5","1741930201","0005.HK","M5"
"25","1741931410","355","354.8","2025-03-14 13:35:08","3.137707","355","1741930508","0388.HK","M5"
"26","1741931410","525.5","525","2025-03-14 13:35:08","3.546798","525.5","1741930508","0700.HK","M5"
"27","1741931410","85.75","85.7","2025-03-14 13:35:00","0.17513312","85.8","1741930500","0005.HK","M5"
"28","1741931710","354.6","354.4","2025-03-14 13:40:02","3.0214972","354.6","1741930802","0388.HK","M5"
"29","1741931710","525","524.5","2025-03-14 13:40:09","3.3497536","524.5","1741930809","0700.HK","M5"
"30","1741931710","85.8","85.75","2025-03-14 13:40:04","0.05837177","85.7","1741930804","0005.HK","M5"
"31","1741932010","354.4","354.2","2025-03-14 13:45:08","2.8471782","354","1741931108","0388.HK","M5"
"32","1741932010","524.5","524","2025-03-14 13:45:07","3.2512314","524","1741931107","0700.HK","M5"
"33","1741932010","85.8","85.75","2025-03-14 13:45:00","0.17513312","85.8","1741931100","0005.HK","M5"
"34","1741932310","355.2","355","2025-03-14 13:50:06","3.1958163","355.2","1741931406","0388.HK","M5"
"35","1741932310","526.5","526","2025-03-14 13:50:05","3.6453202","526","1741931405","0700.HK","M5"
"36","1741932310","85.8","85.75","2025-03-14 13:50:09","0.17513312","85.8","1741931409","0005.HK","M5"
"37","1741932610","355.2","354.8","2025-03-14 13:55:06","3.137707","355","1741931706","0388.HK","M5"
"38","1741932610","527","526.5","2025-03-14 13:55:06","3.6453202","526","1741931706","0700.HK","M5"
"39","1741932610","85.8","85.75","2025-03-14 13:55:00","0.116752446","85.75","1741931700","0005.HK","M5"
"40","1741932910","355.4","355.2","2025-03-14 14:00:04","3.1958163","355.2","1741932004","0388.HK","M5"
"41","1741932910","527","526.5","2025-03-14 14:00:09","3.9408867","527.5","1741932009","0700.HK","M5"
"42","1741932910","85.9","85.85","2025-03-14 14:00:02","0.23350489","85.85","1741932002","0005.HK","M5"
"43","1741933210","355.2","355","2025-03-14 14:05:08","3.137707","355","1741932308","0388.HK","M5"
"44","1741933210","527","526.5","2025-03-14 14:05:05","3.8423645","527","1741932305","0700.HK","M5"
"45","1741933210","85.95","85.9","2025-03-14 14:05:08","0.29188558","85.9","1741932308","0005.HK","M5"
"46","1741933510","355.4","355","2025-03-14 14:10:05","3.137707","355","1741932605","0388.HK","M5"
"47","1741933510","527.5","527","2025-03-14 14:10:09","3.8423645","527","1741932609","0700.HK","M5"
"48","1741933510","85.95","85.9","2025-03-14 14:10:07","0.35025734","85.95","1741932607","0005.HK","M5"
"49","1741933810","354","353.6","2025-03-14 14:15:07","2.963388","354.4","1741932907","0388.HK","M5"
"50","1741933810","525.5","524.5","2025-03-14 14:15:09","3.4482758","525","1741932909","0700.HK","M5"
"51","1741933810","85.85","85.8","2025-03-14 14:15:08","0.23350489","85.85","1741932908","0005.HK","M5"
"52","1741934112","354.8","354.2","2025-03-14 14:20:04","2.963388","354.4","1741933204","0388.HK","M5"
"53","1741934112","525.5","525","2025-03-14 14:20:10","3.4482758","525","1741933210","0700.HK","M5"
"54","1741934112","85.9","85.85","2025-03-14 14:20:07","0.23350489","85.85","1741933207","0005.HK","M5"
"55","1741934410","354","353.8","2025-03-14 14:25:08","2.8471782","354","1741933508","0388.HK","M5"
"56","1741934410","526","525.5","2025-03-14 14:25:08","3.6453202","526","1741933508","0700.HK","M5"
"57","1741934410","85.85","85.8","2025-03-14 14:25:08","0.17513312","85.8","1741933508","0005.HK","M5"
"58","1741934715","354","353.8","2025-03-14 14:30:06","2.789069","353.8","1741933806","0388.HK","M5"
"59","1741934715","526.5","526","2025-03-14 14:30:14","3.7438424","526.5","1741933814","0700.HK","M5"
"60","1741934715","85.8","85.75","2025-03-14 14:30:02","0.116752446","85.75","1741933802","0005.HK","M5"
"61","1741935010","354.2","354","2025-03-14 14:35:04","2.8471782","354","1741934104","0388.HK","M5"
"62","1741935010","527.5","527","2025-03-14 14:35:07","3.9408867","527.5","1741934107","0700.HK","M5"
"63","1741935010","85.8","85.75","2025-03-14 14:35:01","0.116752446","85.75","1741934101","0005.HK","M5"
"64","1741935310","353.8","353.6","2025-03-14 14:40:07","2.6147587","353.2","1741934407","0388.HK","M5"
"65","1741935310","527.5","527","2025-03-14 14:40:07","3.8423645","527","1741934407","0700.HK","M5"
"66","1741935310","85.8","85.75","2025-03-14 14:40:00","0.17513312","85.8","1741934400","0005.HK","M5"
"67","1741935625","353.6","353.4","2025-03-14 14:45:13","2.6728592","353.4","1741934713","0388.HK","M5"
"68","1741935625","527","526.5","2025-03-14 14:45:24","3.8423645","527","1741934724","0700.HK","M5"
"69","1741935625","85.75","85.7","2025-03-14 14:45:02","0.05837177","85.7","1741934702","0005.HK","M5"
"70","1741935910","353.8","353.6","2025-03-14 14:50:06","2.789069","353.8","1741935006","0388.HK","M5"
"71","1741935910","527","526.5","2025-03-14 14:50:01","3.8423645","527","1741935001","0700.HK","M5"
"72","1741935910","85.75","85.7","2025-03-14 14:50:00","0.116752446","85.75","1741935000","0005.HK","M5"
"73","1741936210","354.8","354.6","2025-03-14 14:55:07","3.0214972","354.6","1741935307","0388.HK","M5"
"74","1741936210","528","527.5","2025-03-14 14:55:05","4.0394087","528","1741935305","0700.HK","M5"
"75","1741936210","85.8","85.75","2025-03-14 14:55:00","0.17513312","85.8","1741935300","0005.HK","M5"
"76","1741936515","355.2","355","2025-03-14 15:00:13","3.137707","355","1741935613","0388.HK","M5"
"77","1741936515","528.5","528","2025-03-14 15:00:12","3.9408867","527.5","1741935612","0700.HK","M5"
"78","1741936515","85.85","85.8","2025-03-14 15:00:12","0.17513312","85.8","1741935612","0005.HK","M5"
"79","1741936810","354.4","354.2","2025-03-14 15:05:01","2.963388","354.4","1741935901","0388.HK","M5"
"80","1741936810","527.5","527","2025-03-14 15:05:07","3.9408867","527.5","1741935907","0700.HK","M5"
"81","1741936810","85.8","85.75","2025-03-14 15:05:05","0.17513312","85.8","1741935905","0005.HK","M5"
"82","1741937110","355.2","355","2025-03-14 15:10:09","3.0214972","354.6","1741936209","0388.HK","M5"
"83","1741937110","527","526.5","2025-03-14 15:10:08","3.8423645","527","1741936208","0700.HK","M5"
"84","1741937110","85.8","85.75","2025-03-14 15:10:01","0.05837177","85.7","1741936201","0005.HK","M5"
"85","1741937410","354.8","354.6","2025-03-14 15:15:00","3.0795977","354.8","1741936500","0388.HK","M5"
"86","1741937410","527","526.5","2025-03-14 15:15:08","3.8423645","527","1741936508","0700.HK","M5"
"87","1741937410","85.75","85.7","2025-03-14 15:15:03","0.116752446","85.75","1741936503","0005.HK","M5"
"88","1741937710","355","354.8","2025-03-14 15:20:00","3.137707","355","1741936800","0388.HK","M5"
"89","1741937710","527.5","527","2025-03-14 15:20:03","3.9408867","527.5","1741936803","0700.HK","M5"
"90","1741937710","85.7","85.65","2025-03-14 15:20:05","-0.05838068","85.6","1741936805","0005.HK","M5"
"91","1741938010","354.8","354.6","2025-03-14 15:25:07","3.0214972","354.6","1741937107","0388.HK","M5"
"92","1741938010","526.5","526","2025-03-14 15:25:08","3.6453202","526","1741937108","0700.HK","M5"
"93","1741938010","85.65","85.6","2025-03-14 15:25:02","-0.05838068","85.6","1741937102","0005.HK","M5"
"94","1741938315","355","354.6","2025-03-14 15:30:05","3.0795977","354.8","1741937405","0388.HK","M5"
"95","1741938315","526.5","526","2025-03-14 15:30:13","3.6453202","526","1741937413","0700.HK","M5"
"96","1741938315","85.65","85.6","2025-03-14 15:30:04","0","85.65","1741937404","0005.HK","M5"
"97","1741938610","354.8","354.6","2025-03-14 15:35:08","2.963388","354.4","1741937708","0388.HK","M5"
"98","1741938610","526","525.5","2025-03-14 15:35:08","3.6453202","526","1741937708","0700.HK","M5"
"99","1741938610","85.65","85.6","2025-03-14 15:35:08","0","85.65","1741937708","0005.HK","M5"
"100","1741938910","355","354.8","2025-03-14 15:40:07","3.0795977","354.8","1741938007","0388.HK","M5"
"101","1741938910","526.5","526","2025-03-14 15:40:07","3.8423645","527","1741938007","0700.HK","M5"
"102","1741938910","85.7","85.65","2025-03-14 15:40:02","0","85.65","1741938002","0005.HK","M5"
"103","1741939210","355.2","355","2025-03-14 15:45:05","3.0795977","354.8","1741938305","0388.HK","M5"
"104","1741939210","526","525.5","2025-03-14 15:45:09","3.546798","525.5","1741938309","0700.HK","M5"
"105","1741939210","85.7","85.65","2025-03-14 15:45:06","-0.05838068","85.6","1741938306","0005.HK","M5"
"106","1741939510","354.8","354.6","2025-03-14 15:50:08","2.963388","354.4","1741938608","0388.HK","M5"
"107","1741939510","525","524.5","2025-03-14 15:50:08","3.4482758","525","1741938608","0700.HK","M5"
"108","1741939510","85.7","85.65","2025-03-14 15:50:08","-0.05838068","85.6","1741938608","0005.HK","M5"
"109","1741939812","354.4","354.2","2025-03-14 15:55:09","2.963388","354.4","1741938909","0388.HK","M5"
"110","1741939812","524","523.5","2025-03-14 15:55:11","3.1527095","523.5","1741938911","0700.HK","M5"
"111","1741939812","85.65","85.6","2025-03-14 15:55:08","-0.116752446","85.55","1741938908","0005.HK","M5"
"112","1741940110","354.4","354.2","2025-03-14 15:59:59","2.963388","354.4","1741939199","0388.HK","M5"
"113","1741940110","524","523.5","2025-03-14 15:59:56","3.1527095","523.5","1741939196","0700.HK","M5"
"114","1741940110","85.65","85.6","2025-03-14 15:59:56","-0.116752446","85.55","1741939196","0005.HK","M5"
"115","1741940710","354.4","354.2","2025-03-14 16:08:28","2.9052875","354.2","1741939708","0388.HK","M5"
"116","1741940710","524","523.5","2025-03-14 16:08:28","2.7586207","521.5","1741939708","0700.HK","M5"
"117","1741940710","85.65","85.6","2025-03-14 16:08:28","-0.23351382","85.45","1741939708","0005.HK","M5"
"118","1742178610","365.4","365.2","2025-03-17 10:15:00","3.2185187","365.6","1742177700","0388.HK","M5"
"119","1742178610","526","525.5","2025-03-17 10:14:59","1.0546501","527","1742177699","0700.HK","M5"
"120","1742178610","88.05","88","2025-03-17 10:15:00","3.0427222","88.05","1742177700","0005.HK","M5"
"121","1742178910","365.8","365.6","2025-03-17 10:20:01","3.2749789","365.8","1742178001","0388.HK","M5"
"122","1742178910","529","528.5","2025-03-17 10:20:01","1.3422819","528.5","1742178001","0700.HK","M5"
"123","1742178910","88.15","88.1","2025-03-17 10:19:58","3.159748","88.15","1742177998","0005.HK","M5"
"124","1742179210","365.6","365.4","2025-03-17 10:24:58","3.16205","365.4","1742178298","0388.HK","M5"
"125","1742179210","529.5","529","2025-03-17 10:25:01","1.6299137","530","1742178301","0700.HK","M5"
"126","1742179210","88.15","88.1","2025-03-17 10:24:56","3.159748","88.15","1742178296","0005.HK","M5"
"127","1742179510","366.4","366","2025-03-17 10:29:57","3.3314476","366","1742178597","0388.HK","M5"
"128","1742179510","530.5","530","2025-03-17 10:30:01","1.725791","530.5","1742178601","0700.HK","M5"
"129","1742179510","88.15","88.1","2025-03-17 10:30:00","3.0427222","88.05","1742178600","0005.HK","M5"
"130","1742179810","366.6","366.4","2025-03-17 10:35:01","3.5008452","366.6","1742178901","0388.HK","M5"
"131","1742179810","530","529.5","2025-03-17 10:35:01","1.6299137","530","1742178901","0700.HK","M5"
"132","1742179810","88.15","88.1","2025-03-17 10:34:49","3.159748","88.15","1742178889","0005.HK","M5"
"133","1742180110","367.2","367","2025-03-17 10:40:00","3.613774","367","1742179200","0388.HK","M5"
"134","1742180110","530","529.5","2025-03-17 10:40:01","1.725791","530.5","1742179201","0700.HK","M5"
"135","1742180110","88.2","88.15","2025-03-17 10:39:53","3.159748","88.15","1742179193","0005.HK","M5"
"136","1742180410","366.4","366.2","2025-03-17 10:45:00","3.3879163","366.2","1742179500","0388.HK","M5"
"137","1742180410","529.5","529","2025-03-17 10:44:57","1.4381591","529","1742179497","0700.HK","M5"
"138","1742180410","88.2","88.15","2025-03-17 10:44:48","3.159748","88.15","1742179488","0005.HK","M5"
"139","1742180710","367.4","367","2025-03-17 10:49:58","3.613774","367","1742179798","0388.HK","M5"
"140","1742180710","530.5","530","2025-03-17 10:50:00","1.6299137","530","1742179800","0700.HK","M5"
"141","1742180710","88.25","88.2","2025-03-17 10:49:58","3.2182565","88.2","1742179798","0005.HK","M5"
"142","1742181010","368.2","368","2025-03-17 10:55:01","3.8961003","368","1742180101","0388.HK","M5"
"143","1742181010","530","529.5","2025-03-17 10:55:01","1.5340364","529.5","1742180101","0700.HK","M5"
"144","1742181010","88.3","88.25","2025-03-17 10:54:56","3.2767737","88.25","1742180096","0005.HK","M5"
"145","1742181310","368.6","368.4","2025-03-17 11:00:00","4.065498","368.6","1742180400","0388.HK","M5"
"146","1742181310","531","530","2025-03-17 11:00:01","1.725791","530.5","1742180401","0700.HK","M5"
"147","1742181310","88.3","88.25","2025-03-17 11:00:00","3.2767737","88.25","1742180400","0005.HK","M5"
"148","1742181610","368.4","368.2","2025-03-17 11:05:02","4.009029","368.4","1742180702","0388.HK","M5"
"149","1742181610","531","530.5","2025-03-17 11:04:55","1.725791","530.5","1742180695","0700.HK","M5"
"150","1742181610","88.3","88.25","2025-03-17 11:05:02","3.3352911","88.3","1742180702","0005.HK","M5"
"151","1742181910","368","367.8","2025-03-17 11:09:59","3.8396316","367.8","1742180999","0388.HK","M5"
"152","1742181910","531","530.5","2025-03-17 11:09:59","1.8216683","531","1742180999","0700.HK","M5"
"153","1742181910","88.25","88.2","2025-03-17 11:10:00","3.2182565","88.2","1742181000","0005.HK","M5"
"154","1742182214","367.6","367.4","2025-03-17 11:14:59","3.7267027","367.4","1742181299","0388.HK","M5"
"155","1742182214","530","529.5","2025-03-17 11:15:03","1.5340364","529.5","1742181303","0700.HK","M5"
"156","1742182214","88.2","88.15","2025-03-17 11:15:05","3.2182565","88.2","1742181305","0005.HK","M5"
"157","1742182510","367.4","367.2","2025-03-17 11:19:58","3.7831714","367.6","1742181598","0388.HK","M5"
"158","1742182510","529","528.5","2025-03-17 11:20:01","1.4381591","529","1742181601","0700.HK","M5"
"159","1742182510","88.1","88.05","2025-03-17 11:19:58","3.0427222","88.05","1742181598","0005.HK","M5"
"160","1742182810","368.6","368.4","2025-03-17 11:25:01","4.009029","368.4","1742181901","0388.HK","M5"
"161","1742182810","529.5","529","2025-03-17 11:25:00","1.5340364","529.5","1742181900","0700.HK","M5"
"162","1742182810","88.15","88.1","2025-03-17 11:24:47","3.159748","88.15","1742181887","0005.HK","M5"
"163","1742183112","368.6","368.4","2025-03-17 11:30:02","4.065498","368.6","1742182202","0388.HK","M5"
"164","1742183112","529","528.5","2025-03-17 11:30:01","1.4381591","529","1742182201","0700.HK","M5"
"165","1742183112","88.1","88.05","2025-03-17 11:29:57","3.1012306","88.1","1742182197","0005.HK","M5"
"166","1742183410","368.6","368.4","2025-03-17 11:34:58","4.009029","368.4","1742182498","0388.HK","M5"
"167","1742183410","528.5","528","2025-03-17 11:34:59","1.1505274","527.5","1742182499","0700.HK","M5"
"168","1742183410","88.1","88.05","2025-03-17 11:34:59","3.1012306","88.1","1742182499","0005.HK","M5"
"169","1742183710","368.4","368.2","2025-03-17 11:39:56","3.952569","368.2","1742182796","0388.HK","M5"
"170","1742183710","528","527.5","2025-03-17 11:40:00","1.1505274","527.5","1742182800","0700.HK","M5"
"171","1742183710","88.05","88","2025-03-17 11:39:58","3.0427222","88.05","1742182798","0005.HK","M5"
"172","1742184010","368.4","368","2025-03-17 11:45:00","3.952569","368.2","1742183100","0388.HK","M5"
"173","1742184010","528","527.5","2025-03-17 11:45:00","1.1505274","527.5","1742183100","0700.HK","M5"
"174","1742184010","88.05","88","2025-03-17 11:44:50","2.984205","88","1742183090","0005.HK","M5"
"175","1742184310","368.4","368","2025-03-17 11:50:00","3.8961003","368","1742183400","0388.HK","M5"
"176","1742184310","529","528.5","2025-03-17 11:49:59","1.4381591","529","1742183399","0700.HK","M5"
"177","1742184310","88.1","88.05","2025-03-17 11:50:00","3.1012306","88.1","1742183400","0005.HK","M5"
"178","1742184617","368.6","368.4","2025-03-17 11:55:09","4.009029","368.4","1742183709","0388.HK","M5"
"179","1742184617","529.5","528.5","2025-03-17 11:55:06","1.4381591","529","1742183706","0700.HK","M5"
"180","1742184617","88.1","88.05","2025-03-17 11:55:06","3.0427222","88.05","1742183706","0005.HK","M5"
"181","1742184910","368.8","368.6","2025-03-17 11:59:59","4.121958","368.8","1742183999","0388.HK","M5"
"182","1742184910","529","528.5","2025-03-17 11:59:56","1.4381591","529","1742183996","0700.HK","M5"
"183","1742184910","88.15","88.1","2025-03-17 11:59:52","3.0427222","88.05","1742183992","0005.HK","M5"
"184","1742188510","368.8","368.6","2025-03-17 13:00:01","4.009029","368.4","1742187601","0388.HK","M5"
"185","1742188510","529","528.5","2025-03-17 13:00:01","1.1505274","527.5","1742187601","0700.HK","M5"
"186","1742188510","88.1","88.05","2025-03-17 13:00:00","3.1012306","88.1","1742187600","0005.HK","M5"
"187","1742188810","369.2","368.8","2025-03-17 13:04:58","4.1784267","369","1742187898","0388.HK","M5"
"188","1742188810","528.5","528","2025-03-17 13:05:00","1.1505274","527.5","1742187900","0700.HK","M5"
"189","1742188810","88.05","88","2025-03-17 13:05:00","2.984205","88","1742187900","0005.HK","M5"
"190","1742189110","368.4","368.2","2025-03-17 13:09:59","3.952569","368.2","1742188199","0388.HK","M5"
"191","1742189110","526.5","526","2025-03-17 13:10:02","0.9587728","526.5","1742188202","0700.HK","M5"
"192","1742189110","88.05","88","2025-03-17 13:09:58","2.984205","88","1742188198","0005.HK","M5"
"193","1742189410","366.8","366.6","2025-03-17 13:15:01","3.613774","367","1742188501","0388.HK","M5"
"194","1742189410","526","525.5","2025-03-17 13:15:01","0.8628955","526","1742188501","0700.HK","M5"
"195","1742189410","88.05","87.95","2025-03-17 13:14:56","2.984205","88","1742188496","0005.HK","M5"
"196","1742189710","366.2","366","2025-03-17 13:20:00","3.3879163","366.2","1742188800","0388.HK","M5"
"197","1742189710","526","525.5","2025-03-17 13:20:00","0.7670182","525.5","1742188800","0700.HK","M5"
"198","1742189710","87.95","87.9","2025-03-17 13:19:54","2.8671792","87.9","1742188794","0005.HK","M5"
"199","1742190010","366.6","366.4","2025-03-17 13:25:01","3.613774","367","1742189101","0388.HK","M5"
"200","1742190010","526","525.5","2025-03-17 13:24:57","0.9587728","526.5","1742189097","0700.HK","M5"
"201","1742190010","87.95","87.9","2025-03-17 13:25:00","2.8671792","87.9","1742189100","0005.HK","M5"
"202","1742190310","365.8","365.6","2025-03-17 13:30:01","3.2185187","365.6","1742189401","0388.HK","M5"
"203","1742190310","525.5","525","2025-03-17 13:30:00","0.67114097","525","1742189400","0700.HK","M5"
"204","1742190310","87.9","87.85","2025-03-17 13:30:00","2.8671792","87.9","1742189400","0005.HK","M5"
"205","1742190610","366.4","366.2","2025-03-17 13:35:01","3.4443765","366.4","1742189701","0388.HK","M5"
"206","1742190610","526","525.5","2025-03-17 13:35:00","0.8628955","526","1742189700","0700.HK","M5"
"207","1742190610","87.9","87.85","2025-03-17 13:34:56","2.808662","87.85","1742189696","0005.HK","M5"
"208","1742190915","367","366.8","2025-03-17 13:40:04","3.613774","367","1742190004","0388.HK","M5"
"209","1742190915","526.5","526","2025-03-17 13:40:05","0.8628955","526","1742190005","0700.HK","M5"
"210","1742190915","87.9","87.85","2025-03-17 13:40:04","2.808662","87.85","1742190004","0005.HK","M5"
"211","1742191210","366.8","366.6","2025-03-17 13:44:57","3.5573053","366.8","1742190297","0388.HK","M5"
"212","1742191210","527","526.5","2025-03-17 13:45:00","1.0546501","527","1742190300","0700.HK","M5"
"213","1742191210","87.95","87.9","2025-03-17 13:44:52","2.8671792","87.9","1742190292","0005.HK","M5"
"214","1742191515","366.6","366.4","2025-03-17 13:49:56","3.5008452","366.6","1742190596","0388.HK","M5"
"215","1742191515","526","525.5","2025-03-17 13:50:06","0.9587728","526.5","1742190606","0700.HK","M5"
"216","1742191515","87.95","87.9","2025-03-17 13:50:01","2.984205","88","1742190601","0005.HK","M5"
"217","1742191810","366","365.8","2025-03-17 13:54:59","3.2749789","365.8","1742190899","0388.HK","M5"
"218","1742191810","525.5","525","2025-03-17 13:54:59","0.67114097","525","1742190899","0700.HK","M5"
"219","1742191810","88","87.95","2025-03-17 13:54:56","2.9256876","87.95","1742190896","0005.HK","M5"
"220","1742192110","366","365.8","2025-03-17 14:00:01","3.2749789","365.8","1742191201","0388.HK","M5"
"221","1742192110","525","524.5","2025-03-17 14:00:00","0.5752637","524.5","1742191200","0700.HK","M5"
"222","1742192110","87.95","87.9","2025-03-17 13:59:54","2.8671792","87.9","1742191194","0005.HK","M5"
"223","1742192410","366","365.8","2025-03-17 14:04:59","3.3314476","366","1742191499","0388.HK","M5"
"224","1742192410","525","524.5","2025-03-17 14:04:59","0.5752637","524.5","1742191499","0700.HK","M5"
"225","1742192410","87.85","87.8","2025-03-17 14:04:59","2.808662","87.85","1742191499","0005.HK","M5"
"226","1742192710","365.8","365.6","2025-03-17 14:09:58","3.2749789","365.8","1742191798","0388.HK","M5"
"227","1742192710","525.5","525","2025-03-17 14:10:01","0.67114097","525","1742191801","0700.HK","M5"
"228","1742192710","87.95","87.9","2025-03-17 14:10:00","2.9256876","87.95","1742191800","0005.HK","M5"
"229","1742193017","368","367.6","2025-03-17 14:15:08","3.8396316","367.8","1742192108","0388.HK","M5"
"230","1742193017","525.5","525","2025-03-17 14:15:06","0.7670182","525.5","1742192106","0700.HK","M5"
"231","1742193017","87.95","87.9","2025-03-17 14:14:58","2.8671792","87.9","1742192098","0005.HK","M5"
"232","1742193310","366.8","366.6","2025-03-17 14:19:58","3.5008452","366.6","1742192398","0388.HK","M5"
"233","1742193310","525.5","525","2025-03-17 14:19:59","0.67114097","525","1742192399","0700.HK","M5"
"234","1742193310","87.85","87.8","2025-03-17 14:19:55","2.7501535","87.8","1742192395","0005.HK","M5"
"235","1742193610","366.4","366","2025-03-17 14:24:59","3.3879163","366.2","1742192699","0388.HK","M5"
"236","1742193610","525.5","525","2025-03-17 14:24:57","0.7670182","525.5","1742192697","0700.HK","M5"
"237","1742193610","87.8","87.75","2025-03-17 14:25:00","2.691636","87.75","1742192700","0005.HK","M5"
"238","1742193910","366.8","366.6","2025-03-17 14:29:58","3.5573053","366.8","1742192998","0388.HK","M5"
"239","1742193910","525","524.5","2025-03-17 14:29:59","0.5752637","524.5","1742192999","0700.HK","M5"
"240","1742193910","87.85","87.8","2025-03-17 14:30:00","2.7501535","87.8","1742193000","0005.HK","M5"
"241","1742194210","366.8","366.6","2025-03-17 14:34:49","3.4443765","366.4","1742193289","0388.HK","M5"
"242","1742194210","525","524.5","2025-03-17 14:35:01","0.5752637","524.5","1742193301","0700.HK","M5"
"243","1742194210","87.9","87.85","2025-03-17 14:34:58","2.8671792","87.9","1742193298","0005.HK","M5"
"244","1742194510","366.2","366","2025-03-17 14:39:52","3.4443765","366.4","1742193592","0388.HK","M5"
"245","1742194510","525.5","525","2025-03-17 14:40:01","0.7670182","525.5","1742193601","0700.HK","M5"
"246","1742194510","87.95","87.9","2025-03-17 14:39:57","2.9256876","87.95","1742193597","0005.HK","M5"
"247","1742194810","366","365.8","2025-03-17 14:43:34","3.3314476","366","1742193814","0388.HK","M5"
"248","1742194810","525","524.5","2025-03-17 14:44:55","0.67114097","525","1742193895","0700.HK","M5"
"249","1742194810","87.8","87.75","2025-03-17 14:44:56","2.691636","87.75","1742193896","0005.HK","M5"
"250","1742195110","364.8","364.6","2025-03-17 14:49:56","2.9926524","364.8","1742194196","0388.HK","M5"
"251","1742195110","525","524.5","2025-03-17 14:50:00","0.67114097","525","1742194200","0700.HK","M5"
"252","1742195110","87.85","87.8","2025-03-17 14:50:00","2.7501535","87.8","1742194200","0005.HK","M5"
"253","1742195415","365.8","365.6","2025-03-17 14:55:05","3.3314476","366","1742194505","0388.HK","M5"
"254","1742195415","525.5","525","2025-03-17 14:55:06","0.7670182","525.5","1742194506","0700.HK","M5"
"255","1742195415","87.85","87.8","2025-03-17 14:54:58","2.7501535","87.8","1742194498","0005.HK","M5"
"256","1742195710","365.8","365.6","2025-03-17 14:59:53","3.16205","365.4","1742194793","0388.HK","M5"
"257","1742195710","525.5","525","2025-03-17 15:00:01","0.7670182","525.5","1742194801","0700.HK","M5"
"258","1742195710","87.9","87.85","2025-03-17 15:00:00","2.8671792","87.9","1742194800","0005.HK","M5"
"259","1742196010","364.8","364.6","2025-03-17 15:05:01","2.9361925","364.6","1742195101","0388.HK","M5"
"260","1742196010","524.5","524","2025-03-17 15:05:01","0.4793864","524","1742195101","0700.HK","M5"
"261","1742196010","87.85","87.8","2025-03-17 15:04:36","2.7501535","87.8","1742195076","0005.HK","M5"
"262","1742196310","364.8","364.6","2025-03-17 15:09:58","2.9361925","364.6","1742195398","0388.HK","M5"
"263","1742196310","524.5","524","2025-03-17 15:10:01","0.5752637","524.5","1742195401","0700.HK","M5"
"264","1742196310","87.85","87.8","2025-03-17 15:09:37","2.808662","87.85","1742195377","0005.HK","M5"
"265","1742196615","365.4","365","2025-03-17 15:15:04","3.0491211","365","1742195704","0388.HK","M5"
"266","1742196615","524","523.5","2025-03-17 15:15:04","0.4793864","524","1742195704","0700.HK","M5"
"267","1742196615","87.8","87.75","2025-03-17 15:15:03","2.691636","87.75","1742195703","0005.HK","M5"
"268","1742196910","364.8","364.4","2025-03-17 15:19:59","2.8797238","364.4","1742195999","0388.HK","M5"
"269","1742196910","524","523.5","2025-03-17 15:19:59","0.3835091","523.5","1742195999","0700.HK","M5"
"270","1742196910","87.55","87.5","2025-03-17 15:20:00","2.4575849","87.55","1742196000","0005.HK","M5"
"271","1742197210","364.8","364.6","2025-03-17 15:24:56","3.0491211","365","1742196296","0388.HK","M5"
"272","1742197210","523.5","523","2025-03-17 15:25:01","0.28763184","523","1742196301","0700.HK","M5"
"273","1742197210","87.65","87.6","2025-03-17 15:24:51","2.5160933","87.6","1742196291","0005.HK","M5"
"274","1742197510","365.4","365.2","2025-03-17 15:30:00","3.1055899","365.2","1742196600","0388.HK","M5"
"275","1742197510","524","523.5","2025-03-17 15:30:01","0.4793864","524","1742196601","0700.HK","M5"
"276","1742197510","87.7","87.65","2025-03-17 15:29:48","2.6331189","87.7","1742196588","0005.HK","M5"
"277","1742197810","365","364.8","2025-03-17 15:34:57","2.9926524","364.8","1742196897","0388.HK","M5"
"278","1742197810","524","523.5","2025-03-17 15:35:01","0.3835091","523.5","1742196901","0700.HK","M5"
"279","1742197810","87.7","87.65","2025-03-17 15:34:57","2.6331189","87.7","1742196897","0005.HK","M5"
"280","1742198110","364","363.8","2025-03-17 15:39:50","2.8232636","364.2","1742197190","0388.HK","M5"
"281","1742198110","524","523.5","2025-03-17 15:40:01","0.4793864","524","1742197201","0700.HK","M5"
"282","1742198110","87.8","87.7","2025-03-17 15:39:58","2.6331189","87.7","1742197198","0005.HK","M5"
"283","1742198415","364.4","364.2","2025-03-17 15:45:02","2.8797238","364.4","1742197502","0388.HK","M5"
"284","1742198415","524.5","524","2025-03-17 15:45:06","0.4793864","524","1742197506","0700.HK","M5"
"285","1742198415","87.75","87.7","2025-03-17 15:45:06","2.6331189","87.7","1742197506","0005.HK","M5"
"286","1742198710","365.2","365","2025-03-17 15:50:00","3.0491211","365","1742197800","0388.HK","M5"
"287","1742198710","525","524.5","2025-03-17 15:50:00","0.67114097","525","1742197800","0700.HK","M5"
"288","1742198710","87.65","87.6","2025-03-17 15:49:43","2.5160933","87.6","1742197783","0005.HK","M5"
"289","1742199010","365","364.8","2025-03-17 15:55:00","2.9926524","364.8","1742198100","0388.HK","M5"
"290","1742199010","525","524.5","2025-03-17 15:55:01","0.67114097","525","1742198101","0700.HK","M5"
"291","1742199010","87.65","87.6","2025-03-17 15:55:00","2.5160933","87.6","1742198100","0005.HK","M5"
"292","1742199310","365","364.8","2025-03-17 15:59:59","3.1055899","365.2","1742198399","0388.HK","M5"
"293","1742199310","525","524.5","2025-03-17 15:59:59","0.5752637","524.5","1742198399","0700.HK","M5"
"294","1742199310","87.65","87.6","2025-03-17 15:59:59","2.6916363","87.75","1742198399","0005.HK","M5"
"295","1742199910","365","364.8","2025-03-17 16:08:17","3.218519","365.6","1742198897","0388.HK","M5"
"296","1742199910","524.5","524","2025-03-17 16:08:18","0.5752637","524.5","1742198898","0700.HK","M5"
"297","1742199910","87.65","87.6","2025-03-17 16:08:17","2.5746105","87.65","1742198897","0005.HK","M5"
